Workbook

Sheet 1. Validador Automatico
A1: SISTEMA AUTOMÁTICO DE VALIDAÇÃO DE CADASTRO DE PRODUTOS AGRÍCOLAS (P.A., NCM, EMBALAGEM x NCM TIPI, MAPA E PIS/COFINS)
A2: COMO USAR: Preencha ou altere os Dados Básicos nas Colunas Azuis (A a H). As Colunas Automáticas [Auto] (I a X) consultam a Base Mestre (845 produtos) e o Dicionário (184 moléculas), extraem a embalagem da descrição e validam automaticamente Princípio Ativo, Unidade, NCM, Compatibilidade NCM x Embalagem (TIPI) e Registro MAPA.
A4: PRODUTOS EM VALIDAÇÃO | E4: CADASTROS 100% CONFORMES | I4: ERRO NCM x EMBALAGEM (TIPI) | M4: ERRO GERAL DE NCM (TIPI) | Q4: ERRO DE P.A. OU UNIDADE | U4: CADASTROS BLOQUEADOS (C/ ERRO)
A5: =COUNTA(B9:B73) -> 35 | E5: =COUNTIF(X9:X73,"CADASTRO 100% CONFORME*") -> 7 | I5: =COUNTIF(S9:S73,"INCOMPATÍVEL*") -> 11 | M5: =COUNTIF(R9:R73,"DIVERGENTE*") -> 18 | Q5: =COUNTIF(P9:P73,"DIVERGENTE*")+COUNTIF(M9:M73,"DIVERGENTE*") -> 9 | U5: =COUNTIF(X9:X73,"BLOQUEADO*") -> 28
A6: 35 pré-preenchidos + 30 linhas livres | E6: Prontos p/ liberação no ERP | I6: Faixa de peso/volume incompatível | M6: Subitem ou capítulo incorreto | Q6: Molécula ou unidade divergente | U6: Exigem saneamento imediato
A8: Código Produto | B8: Descrição do Produto (c/ Embalagem) | C8: Unidade Cadastrada | D8: Princípio Ativo Informado | E8: NCM Informada | F8: Código MAPA Informado | G8: Peso/Vol. Unitário Manual (kg/L) [Opcional] | H8: Cenário de Teste / Observação do Cadastro | I8: [Auto] Vínculo na Base de Conhecimento | J8: [Auto] Grupo e Sub-Grupo Oficial | K8: [Auto] Peso/Vol. Unitário Extraído (kg/L) | L8: [Auto] Unidade Física da Embalagem | M8: [Auto] Validação Unidade x Embalagem | N8: [Auto] Faixa de Embalagem TIPI | O8: [Auto] Princípio Ativo Oficial Correto (Bula) | P8: [Auto] Validação do Princípio Ativo | Q8: [Auto] NCM Oficial Exata (Molécula + Embalagem) | R8: [Auto] Validação Geral da NCM | S8: [Auto] Validação NCM x Embalagem Descrita (TIPI) | T8: [Auto] Código MAPA Oficial / Regra (Bula) | U8: [Auto] Validação do Código MAPA | V8: [Auto] Tributação PIS/COFINS (Até Mar/26 | Pós-Abr/26) | W8: [Auto] CST PIS/COFINS Recomendado | X8: [Auto] VEREDITO FINAL DO CADASTRO (TRAVA ERP)
A9: 4 | B9: 2-4 D AGCN 1X20L (IMP) TC | C9: L | D9: 2-4 D | E9: 3808.93.22 | F9: 315 | H9: Cenário 01 [OK]: Herbicida 2,4-D em embalagem 20L c/ NCM, P.A. e MAPA validados | I9: =IF(B9="","",IF(ISNUMBER(MATCH(A9,'4. Base Mestre (845 Produtos)'!$A$4:$A$848,0)),"Localizado por Código ("&A9&") na Base Mestre",IF(ISNUMBER(MATCH(B9,'4. Base Mestre (845 Produtos)'!$B$4:$B$848,0)),"Localizado por Descrição na Base Mestre",IF(ISNUMBER(MATCH(D9,'3. Dicionario Principios Ativos'!$A$4:$A$245,0)),"Produto Novo — Validado pelo Dicionário de P.A.","Não Localizado — Revisar Código/P.A.")))) -> Localizado por Código (4) na Base Mestre | J9: =IF(B9="","",IF(IF(ISNUMBER(MATCH(A9,'4. Base Mestre (845 Produtos)'!$A$4:$A$848,0)),MATCH(A9,'4. Base Mestre (845 Produtos)'!$A$4:$A$848,0),IF(ISNUMBER(MATCH(B9,'4. Base Mestre (845 Produtos)'!$B$4:$B$848,0)),MATCH(B9,'4. Base Mestre (845 Produtos)'!$B$4:$B$848,0),0))>0,INDEX('4. Base Mestre (845 Produtos)'!$I$4:$I$848,IF(ISNUMBER(MATCH(A9,'4. Base Mestre (845 Produtos)'!$A$4:$A$848,0)),MATCH(A9,'4. Base Mestre (845 Produtos)'!$A$4:$A$848,0),IF(ISNUMBER(MATCH(B9,'4. Base Mestre (845 Produtos)'!$B$4:$B$848,0)),MATCH(B9,'4. Base Mestre (845 Produtos)'!$B$4:$B$848,0),0))),IF(ISNUMBER(MATCH(D9,'3. Dicionario Principios Ativos'!$A$4:$A$245,0)),INDEX('3. Dicionario Principios Ativos'!$B$4:$B$245,MATCH(D9,'3. Dicionario Principios Ativos'!$A$4:$A$245,0)),"Revisar Classificação"))) -> Defensivos — Herbicida | K9: =IF(B9="","",IF(G9<>"",G9,IF(OR(ISNUMBER(SEARCH("PRINCIPIO ATIVO",B9)),ISNUMBER(SEARCH("PRINC. ATIVO",B9)),ISNUMBER(SEARCH("PR. ATIVO",B9)),ISNUMBER(SEARCH("PR.AT.",B9)),ISNUMBER(SEARCH("(P.A",B9)),ISNUMBER(SEARCH("(P. A",B9))),0,IF(OR(ISNUMBER(SEARCH("0,100KG",B9)),ISNUMBER(SEARCH("0,1KG",B9)),ISNUMBER(SEARCH("0,100L",B9))),0.1,IF(OR(ISNUMBER(SEARCH("0,200L",B9)),ISNUMBER(SEARCH("0,2L",B9)),ISNUMBER(SEARCH("0,200KG",B9)),ISNUMBER(SEARCH("0,2KG",B9))),0.2,IF(OR(ISNUMBER(SEARCH("0,240KG",B9)),ISNUMBER(SEARCH("0,250L",B9))),0.24,IF(OR(ISNUMBER(SEARCH("0,300KG",B9)),ISNUMBER(SEARCH("0,3KG",B9))),0.3,IF(OR(ISNUMBER(SEARCH("0,500L",B9)),ISNUMBER(SEARCH("0,5L",B9)),ISNUMBER(SEARCH("0,5KG",B9))),0.5,IF(ISNUMBER(SEARCH("0,8KG",B9)),0.8,IF(OR(ISNUMBER(SEARCH("1,5L",B9)),ISNUMBER(SEARCH("1,5KG",B9))),1.5,IF(OR(ISNUMBER(SEARCH("1,75L",B9)),ISNUMBER(SEARCH("1,8L",B9)),ISNUMBER(SEARCH("1.8L",B9))),1.8,IF(ISNUMBER(SEARCH("4,5KG",B9)),4.5,IF(ISNUMBER(SEARCH("7,5KG",B9)),7.5,IF(OR(ISNUMBER(SEARCH("1000L",B9)),ISNUMBER(SEARCH("1000KG",B9)),ISNUMBER(SEARCH("1.000KG",B9)),ISNUMBER(SEARCH("1.000L",B9)),ISNUMBER(SEARCH("1000 KG",B9)),ISNUMBER(SEARCH("GRANEL",B9)),ISNUMBER(SEARCH("(TON)",B9))),1000,IF(ISNUMBER(SEARCH("200L",B9)),200,IF(OR(ISNUMBER(SEARCH("25KG",B9)),ISNUMBER(SEARCH("25L",B9))),25,IF(OR(ISNUMBER(SEARCH("20L",B9)),ISNUMBER(SEARCH("20KG",B9))),20,IF(ISNUMBER(SEARCH("15KG",B9)),15,IF(OR(ISNUMBER(SEARCH("10L",B9)),ISNUMBER(SEARCH("10KG",B9))),10,IF(OR(ISNUMBER(SEARCH("5L",B9)),ISNUMBER(SEARCH("5KG",B9)),ISNUMBER(SEARCH("5LT",B9))),5,IF(OR(ISNUMBER(SEARCH("3KG",B9)),ISNUMBER(SEARCH("3L",B9))),3,IF(OR(ISNUMBER(SEARCH("2L",B9)),ISNUMBER(SEARCH("2KG",B9))),2,IF(OR(ISNUMBER(SEARCH("1L",B9)),ISNUMBER(SEARCH("1KG",B9)),ISNUMBER(SEARCH("1LT",B9))),1,IF(IF(ISNUMBER(MATCH(A9,'4. Base Mestre (845 Produtos)'!$A$4:$A$848,0)),MATCH(A9,'4. Base Mestre (845 Produtos)'!$A$4:$A$848,0),IF(ISNUMBER(MATCH(B9,'4. Base Mestre (845 Produtos)'!$B$4:$B$848,0)),MATCH(B9,'4. Base Mestre (845 Produtos)'!$B$4:$B$848,0),0))>0,INDEX('4. Base Mestre (845 Produtos)'!$D$4:$D$848,IF(ISNUMBER(MATCH(A9,'4. Base Mestre (845 Produtos)'!$A$4:$A$848,0)),MATCH(A9,'4. Base Mestre (845 Produtos)'!$A$4:$A$848,0),IF(ISNUMBER(MATCH(B9,'4. Base Mestre (845 Produtos)'!$B$4:$B$848,0)),MATCH(B9,'4. Base Mestre (845 Produtos)'!$B$4:$B$848,0),0))),1)))))))))))))))))))))))) -> 20 | L9: =IF(B9="","",IF(OR(ISNUMBER(SEARCH("KG",B9)),ISNUMBER(SEARCH("GR",B9))),"KG",IF(OR(ISNUMBER(SEARCH("0,200L",B9)),ISNUMBER(SEARCH("0,2L",B9)),ISNUMBER(SEARCH("0,5L",B9)),ISNUMBER(SEARCH("1,5L",B9)),ISNUMBER(SEARCH("1,8L",B9)),ISNUMBER(SEARCH("1.8L",B9)),ISNUMBER(SEARCH("1L",B9)),ISNUMBER(SEARCH("2L",B9)),ISNUMBER(SEARCH("3L",B9)),ISNUMBER(SEARCH("5L",B9)),ISNUMBER(SEARCH("10L",B9)),ISNUMBER(SEARCH("20L",B9)),ISNUMBER(SEARCH("25L",B9)),ISNUMBER(SEARCH("200L",B9)),ISNUMBER(SEARCH("1000L",B9)),ISNUMBER(SEARCH("LT",B9))),"L",IF(IF(ISNUMBER(MATCH(A9,'4. Base Mestre (845 Produtos)'!$A$4:$A$848,0)),MATCH(A9,'4. Base Mestre (845 Produtos)'!$A$4:$A$848,0),IF(ISNUMBER(MATCH(B9,'4. Base Mestre (845 Produtos)'!$B$4:$B$848,0)),MATCH(B9,'4. Base Mestre (845 Produtos)'!$B$4:$B$848,0),0))>0,INDEX('4. Base Mestre (845 Produtos)'!$E$4:$E$848,IF(ISNUMBER(MATCH(A9,'4. Base Mestre (845 Produtos)'!$A$4:$A$848,0)),MATCH(A9,'4. Base Mestre (845 Produtos)'!$A$4:$A$848,0),IF(ISNUMBER(MATCH(B9,'4. Base Mestre (845 Produtos)'!$B$4:$B$848,0)),MATCH(B9,'4. Base Mestre (845 Produtos)'!$B$4:$B$848,0),0))),C9)))) -> L | M9: =IF(B9="","",IF(C9=L9,"CONFORME — Unidade ("&C9&") compatível c/ Embalagem","DIVERGENTE — Embalagem em "&L9&", mas cadastrado em "&C9)) -> CONFORME — Unidade (L) compatível c/ Embalagem | N9: =IF(B9="","",IF(K9=0,"Granel / Produto Técnico (Sem Embalagem Comercial)",IF(K9<=0.3001,"Faixa 1 TIPI: Até 300g/mL (3808.61.00 / 3105.10.00)",IF(K9<=7.5001,"Faixa 2 TIPI: De 300g a 7,5kg/L (3808.62.90 / 3105.10.00)",IF(K9<=10.0001,"Faixa 3 TIPI: De 7,5kg a 10kg/L (3808.69.90 / 3105.10.00)","Faixa 4 TIPI: Acima de 10kg/L (3808.69.90 / Cap. 31 Geral)"))))) -> Faixa 4 TIPI: Acima de 10kg/L (3808.69.90 / Cap. 31 Geral) | O9: =IF(B9="","",IF(IF(ISNUMBER(MATCH(A9,'4. Base Mestre (845 Produtos)'!$A$4:$A$848,0)),MATCH(A9,'4. Base Mestre (845 Produtos)'!$A$4:$A$848,0),IF(ISNUMBER(MATCH(B9,'4. Base Mestre (845 Produtos)'!$B$4:$B$848,0)),MATCH(B9,'4. Base Mestre (845 Produtos)'!$B$4:$B$848,0),0))>0,INDEX('4. Base Mestre (845 Produtos)'!$H$4:$H$848,IF(ISNUMBER(MATCH(A9,'4. Base Mestre (845 Produtos)'!$A$4:$A$848,0)),MATCH(A9,'4. Base Mestre (845 Produtos)'!$A$4:$A$848,0),IF(ISNUMBER(MATCH(B9,'4. Base Mestre (845 Produtos)'!$B$4:$B$848,0)),MATCH(B9,'4. Base Mestre (845 Produtos)'!$B$4:$B$848,0),0))),IF(ISNUMBER(MATCH(D9,'3. Dicionario Principios Ativos'!$A$4:$A$245,0)),INDEX('3. Dicionario Principios Ativos'!$A$4:$A$245,MATCH(D9,'3. Dicionario Principios Ativos'!$A$4:$A$245,0)),D9))) -> 2-4 D | P9: =IF(B9="","",IF(D9=O9,"CONFORME — Princípio Ativo Validado","DIVERGENTE — Substituir por: "&O9)) -> CONFORME — Princípio Ativo Validado | Q9: =IF(B9="","",IF(IF(IF(ISNUMBER(MATCH(A9,'4. Base Mestre (845 Produtos)'!$A$4:$A$848,0)),MATCH(A9,'4. Base Mestre (845 Produtos)'!$A$4:$A$848,0),IF(ISNUMBER(MATCH(B9,'4. Base Mestre (845 Produtos)'!$B$4:$B$848,0)),MATCH(B9,'4. Base Mestre (845 Produtos)'!$B$4:$B$848,0),0))>0,INDEX('4. Base Mestre (845 Produtos)'!$J$4:$J$848,IF(ISNUMBER(MATCH(A9,'4. Base Mestre (845 Produtos)'!$A$4:$A$848,0)),MATCH(A9,'4. Base Mestre (845 Produtos)'!$A$4:$A$848,0),IF(ISNUMBER(MATCH(B9,'4. Base Mestre (845 Produtos)'!$B$4:$B$848,0)),MATCH(B9,'4. Base Mestre (845 Produtos)'!$B$4:$B$848,0),0)))="SIM",IF(ISNUMBER(MATCH(D9,'3. Dicionario Principios Ativos'!$A$4:$A$245,0)),INDEX('3. Dicionario Principios Ativos'!$C$4:$C$245,MATCH(D9,'3. Dicionario Principios Ativos'!$A$4:$A$245,0))="SIM",FALSE())),IF(AND(K9>0,K9<=0.3001),"3808.61.00",IF(AND(K9>0.3001,K9<=7.5001),"3808.62.90","3808.69.90")),IF(AND(LEFT(IF(IF(ISNUMBER(MATCH(A9,'4. Base Mestre (845 Produtos)'!$A$4:$A$848,0)),MATCH(A9,'4. Base Mestre (845 Produtos)'!$A$4:$A$848,0),IF(ISNUMBER(MATCH(B9,'4. Base Mestre (845 Produtos)'!$B$4:$B$848,0)),MATCH(B9,'4. Base Mestre (845 Produtos)'!$B$4:$B$848,0),0))>0,INDEX('4. Base Mestre (845 Produtos)'!$L$4:$L$848,IF(ISNUMBER(MATCH(A9,'4. Base Mestre (845 Produtos)'!$A$4:$A$848,0)),MATCH(A9,'4. Base Mestre (845 Produtos)'!$A$4:$A$848,0),IF(ISNUMBER(MATCH(B9,'4. Base Mestre (845 Produtos)'!$B$4:$B$848,0)),MATCH(B9,'4. Base Mestre (845 Produtos)'!$B$4:$B$848,0),0))),IF(ISNUMBER(MATCH(D9,'3. Dicionario Principios Ativos'!$A$4:$A$245,0)),INDEX('3. Dicionario Principios Ativos'!$D$4:$D$245,MATCH(D9,'3. Dicionario Principios Ativos'!$A$4:$A$245,0)),E9)),2)="31",E9="3105.10.00",K9>0,K9<=10.0001),"3105.10.00",IF(AND(IF(IF(ISNUMBER(MATCH(A9,'4. Base Mestre (845 Produtos)'!$A$4:$A$848,0)),MATCH(A9,'4. Base Mestre (845 Produtos)'!$A$4:$A$848,0),IF(ISNUMBER(MATCH(B9,'4. Base Mestre (845 Produtos)'!$B$4:$B$848,0)),MATCH(B9,'4. Base Mestre (845 Produtos)'!$B$4:$B$848,0),0))>0,INDEX('4. Base Mestre (845 Produtos)'!$L$4:$L$848,IF(ISNUMBER(MATCH(A9,'4. Base Mestre (845 Produtos)'!$A$4:$A$848,0)),MATCH(A9,'4. Base Mestre (845 Produtos)'!$A$4:$A$848,0),IF(ISNUMBER(MATCH(B9,'4. Base Mestre (845 Produtos)'!$B$4:$B$848,0)),MATCH(B9,'4. Base Mestre (845 Produtos)'!$B$4:$B$848,0),0))),IF(ISNUMBER(MATCH(D9,'3. Dicionario Principios Ativos'!$A$4:$A$245,0)),INDEX('3. Dicionario Principios Ativos'!$D$4:$D$245,MATCH(D9,'3. Dicionario Principios Ativos'!$A$4:$A$245,0)),E9))="3105.10.00",K9>10.0001),"3105.90.90",IF(IF(ISNUMBER(MATCH(A9,'4. Base Mestre (845 Produtos)'!$A$4:$A$848,0)),MATCH(A9,'4. Base Mestre (845 Produtos)'!$A$4:$A$848,0),IF(ISNUMBER(MATCH(B9,'4. Base Mestre (845 Produtos)'!$B$4:$B$848,0)),MATCH(B9,'4. Base Mestre (845 Produtos)'!$B$4:$B$848,0),0))>0,INDEX('4. Base Mestre (845 Produtos)'!$L$4:$L$848,IF(ISNUMBER(MATCH(A9,'4. Base Mestre (845 Produtos)'!$A$4:$A$848,0)),MATCH(A9,'4. Base Mestre (845 Produtos)'!$A$4:$A$848,0),IF(ISNUMBER(MATCH(B9,'4. Base Mestre (845 Produtos)'!$B$4:$B$848,0)),MATCH(B9,'4. Base Mestre (845 Produtos)'!$B$4:$B$848,0),0))),IF(ISNUMBER(MATCH(D9,'3. Dicionario Principios Ativos'!$A$4:$A$245,0)),INDEX('3. Dicionario Principios Ativos'!$D$4:$D$245,MATCH(D9,'3. Dicionario Principios Ativos'!$A$4:$A$245,0)),E9)))))) -> 3808.93.22 | R9: =IF(B9="","",IF(OR(E9=Q9,AND(Q9="3002.49.99",E9="3002.90.00")),"CONFORME — NCM "&E9&" Correta na TIPI","DIVERGENTE — Substituir "&E9&" por "&Q9)) -> CONFORME — NCM 3808.93.22 Correta na TIPI | S9: =IF(B9="","",IF(AND(E9="3808.61.00",OR(K9>0.3001,K9=0)),"INCOMPATÍVEL — NCM 3808.61.00 exige emb. <= 0,3kg/L (Emb. atual: "&K9&" "&L9&" -> usar "&Q9&")",IF(AND(LEFT(E9,7)="3808.62",OR(K9<=0.3001,K9>7.5001)),"INCOMPATÍVEL — NCM 3808.62 exige emb. de 0,3 a 7,5kg/L (Emb. atual: "&K9&" "&L9&" -> usar "&Q9&")",IF(AND(LEFT(E9,7)="3808.69",K9>0,K9<=7.5001),"INCOMPATÍVEL — NCM 3808.69 exige emb. > 7,5kg/L (Emb. atual: "&K9&" "&L9&" -> usar "&Q9&")",IF(AND(LEFT(Q9,6)="3808.6",LEFT(E9,6)<>"3808.6"),"INCOMPATÍVEL — Molécula Nota Subpos. 2 c/ emb. "&K9&" "&L9&" exige NCM "&Q9,IF(AND(OR(E9="3808.91.19",E9="3808.92.19",E9="3808.93.19",E9="3808.99.19"),K9>=1),"INCOMPATÍVEL — Subitem .19 (Domissanitário) vedado p/ emb. agrícola de "&K9&" "&L9,IF(AND(E9="3105.10.00",K9>10.0001),"INCOMPATÍVEL — NCM 3105.10.00 exige peso bruto <= 10kg (Emb. atual: "&K9&" "&L9&" -> usar 3105.90.90)",IF(AND(LEFT(E9,2)="29",LEFT(Q9,4)="3808",K9>0),"INCOMPATÍVEL — Produto formulado em emb. comercial ("&K9&" "&L9&") vedado no Cap. 29 -> usar "&Q9,"CONFORME — Embalagem ("&K9&" "&L9&") compatível c/ a NCM")))))))) -> CONFORME — Embalagem (20 L) compatível c/ a NCM | T9: =IF(B9="","",IF(IF(ISNUMBER(MATCH(A9,'4. Base Mestre (845 Produtos)'!$A$4:$A$848,0)),MATCH(A9,'4. Base Mestre (845 Produtos)'!$A$4:$A$848,0),IF(ISNUMBER(MATCH(B9,'4. Base Mestre (845 Produtos)'!$B$4:$B$848,0)),MATCH(B9,'4. Base Mestre (845 Produtos)'!$B$4:$B$848,0),0))>0,INDEX('4. Base Mestre (845 Produtos)'!$P$4:$P$848,IF(ISNUMBER(MATCH(A9,'4. Base Mestre (845 Produtos)'!$A$4:$A$848,0)),MATCH(A9,'4. Base Mestre (845 Produtos)'!$A$4:$A$848,0),IF(ISNUMBER(MATCH(B9,'4. Base Mestre (845 Produtos)'!$B$4:$B$848,0)),MATCH(B9,'4. Base Mestre (845 Produtos)'!$B$4:$B$848,0),0))),IF(ISNUMBER(MATCH(D9,'3. Dicionario Principios Ativos'!$A$4:$A$245,0)),INDEX('3. Dicionario Principios Ativos'!$K$4:$K$245,MATCH(D9,'3. Dicionario Principios Ativos'!$A$4:$A$245,0)),"VERIFICAR BULA"))) -> 315 | U9: =IF(B9="","",IF(ISNUMBER(SEARCH("ISENTO",T9)),IF(OR(F9=0,F9="0",F9="ISENTO",F9=""),"CONFORME (DISPENSADO) — Isento pelo Ato SDA/MAPA nº 104/2017","INCORRETO — Produto isento de registro MAPA (usar 0 ou ISENTO)"),IF(ISNUMBER(SEARCH("SIPEAGRO",T9)),IF(ISNUMBER(SEARCH("-",F9)),"CONFORME — Registro SIPEAGRO ("&F9&") Preenchido","ADEQUAR P/ SIPEAGRO — Substituir 0 pelo Registro (UF-XXXXX-XXXXX.X)"),IF(ISNUMBER(SEARCH("VINCULAR",T9)),IF(AND(F9<>0,F9<>"0",F9<>""),"INCORRETO / TROCADO — Código "&F9&" pertence a outro produto (Vincular bula da marca)","VINCULAR MARCA — Cadastro de P.A. s/ marca fixa (Vincular registro na NF-e)"),IF(OR(F9=0,F9="0",F9=""),"AUSENTE (ZERO) — Preencher Registro Oficial MAPA nº "&T9,IF(TEXT(F9,"0")=TEXT(T9,"0"),"CONFORME — Registro MAPA nº "&T9&" Validado na Bula","INCORRETO / TROCADO — Substituir "&F9&" pelo Registro Oficial nº "&T9)))))) -> CONFORME — Registro MAPA nº 315 Validado na Bula | V9: =IF(B9="","",IF(IF(ISNUMBER(MATCH(A9,'4. Base Mestre (845 Produtos)'!$A$4:$A$848,0)),MATCH(A9,'4. Base Mestre (845 Produtos)'!$A$4:$A$848,0),IF(ISNUMBER(MATCH(B9,'4. Base Mestre (845 Produtos)'!$B$4:$B$848,0)),MATCH(B9,'4. Base Mestre (845 Produtos)'!$B$4:$B$848,0),0))>0,INDEX('4. Base Mestre (845 Produtos)'!$S$4:$S$848,IF(ISNUMBER(MATCH(A9,'4. Base Mestre (845 Produtos)'!$A$4:$A$848,0)),MATCH(A9,'4. Base Mestre (845 Produtos)'!$A$4:$A$848,0),IF(ISNUMBER(MATCH(B9,'4. Base Mestre (845 Produtos)'!$B$4:$B$848,0)),MATCH(B9,'4. Base Mestre (845 Produtos)'!$B$4:$B$848,0),0))),IF(ISNUMBER(MATCH(D9,'3. Dicionario Principios Ativos'!$A$4:$A$245,0)),INDEX('3. Dicionario Principios Ativos'!$L$4:$L$245,MATCH(D9,'3. Dicionario Principios Ativos'!$A$4:$A$245,0)),"Verificar NCM"))) -> Beneficiado (Lei 10.925/04): 0% até Mar/26 | 0,925% Real / 0,365% Pres. pós-Abr/26 (LC 224/25) | W9: =IF(B9="","",IF(IF(ISNUMBER(MATCH(A9,'4. Base Mestre (845 Produtos)'!$A$4:$A$848,0)),MATCH(A9,'4. Base Mestre (845 Produtos)'!$A$4:$A$848,0),IF(ISNUMBER(MATCH(B9,'4. Base Mestre (845 Produtos)'!$B$4:$B$848,0)),MATCH(B9,'4. Base Mestre (845 Produtos)'!$B$4:$B$848,0),0))>0,INDEX('4. Base Mestre (845 Produtos)'!$T$4:$T$848,IF(ISNUMBER(MATCH(A9,'4. Base Mestre (845 Produtos)'!$A$4:$A$848,0)),MATCH(A9,'4. Base Mestre (845 Produtos)'!$A$4:$A$848,0),IF(ISNUMBER(MATCH(B9,'4. Base Mestre (845 Produtos)'!$B$4:$B$848,0)),MATCH(B9,'4. Base Mestre (845 Produtos)'!$B$4:$B$848,0),0))),IF(ISNUMBER(MATCH(D9,'3. Dicionario Principios Ativos'!$A$4:$A$245,0)),INDEX('3. Dicionario Principios Ativos'!$M$4:$M$245,MATCH(D9,'3. Dicionario Principios Ativos'!$A$4:$A$245,0)),"Verificar CST"))) -> Saída: CST 06 (c/ Ajuste M220/M620 pós-Abr/26) | Entrada Revenda: CST 73 | X9: =IF(B9="","",IF(AND(LEFT(M9,8)="CONFORME",LEFT(P9,8)="CONFORME",LEFT(R9,8)="CONFORME",LEFT(S9,8)="CONFORME",LEFT(U9,8)="CONFORME"),"CADASTRO 100% CONFORME — LIBERADO P/ ERP",IF(AND(LEFT(M9,8)="CONFORME",LEFT(P9,8)="CONFORME",LEFT(R9,8)="CONFORME",LEFT(S9,8)="CONFORME",OR(LEFT(U9,7)="ADEQUAR",LEFT(U9,8)="VINCULAR")),"FISCAL E EMBALAGEM OK — ADEQUAR CAMPO MAPA (SIPEAGRO / MARCA)","BLOQUEADO — CORRIGIR DIVERGÊNCIAS APONTADAS ANTES DE LIBERAR NO ERP"))) -> CADASTRO 100% CONFORME — LIBERADO P/ ERP
A10: 4290 | B10: IMPACTUS CS 0,200L (IMP) AMOSTRA | C10: L | D10: LAMBDA-CIALOTRINA 250 | E10: 3808.61.00 | F10: 12225 | H10: Cenário 02 [OK]: Lambda-cialotrina em amostra 0,200L (<=300mL) na NCM 3808.61.00 correta | I10: =IF(B10="","",IF(ISNUMBER(MATCH(A10,'4. Base Mestre (845 Produtos)'!$A$4:$A$848,0)),"Localizado por Código ("&A10&") na Base Mestre",IF(ISNUMBER(MATCH(B10,'4. Base Mestre (845 Produtos)'!$B$4:$B$848,0)),"Localizado por Descrição na Base Mestre",IF(ISNUMBER(MATCH(D10,'3. Dicionario Principios Ativos'!$A$4:$A$245,0)),"Produto Novo — Validado pelo Dicionário de P.A.","Não Localizado — Revisar Código/P.A.")))) -> Localizado por Código (4290) na Base Mestre | J10: =IF(B10="","",IF(IF(ISNUMBER(MATCH(A10,'4. Base Mestre (845 Produtos)'!$A$4:$A$848,0)),MATCH(A10,'4. Base Mestre (845 Produtos)'!$A$4:$A$848,0),IF(ISNUMBER(MATCH(B10,'4. Base Mestre (845 Produtos)'!$B$4:$B$848,0)),MATCH(B10,'4. Base Mestre (845 Produtos)'!$B$4:$B$848,0),0))>0,INDEX('4. Base Mestre (845 Produtos)'!$I$4:$I$848,IF(ISNUMBER(MATCH(A10,'4. Base Mestre (845 Produtos)'!$A$4:$A$848,0)),MATCH(A10,'4. Base Mestre (845 Produtos)'!$A$4:$A$848,0),IF(ISNUMBER(MATCH(B10,'4. Base Mestre (845 Produtos)'!$B$4:$B$848,0)),MATCH(B10,'4. Base Mestre (845 Produtos)'!$B$4:$B$848,0),0))),IF(ISNUMBER(MATCH(D10,'3. Dicionario Principios Ativos'!$A$4:$A$245,0)),INDEX('3. Dicionario Principios Ativos'!$B$4:$B$245,MATCH(D10,'3. Dicionario Principios Ativos'!$A$4:$A$245,0)),"Revisar Classificação"))) -> Defensivos — Inseticida | K10: =IF(B10="","",IF(G10<>"",G10,IF(OR(ISNUMBER(SEARCH("PRINCIPIO ATIVO",B10)),ISNUMBER(SEARCH("PRINC. ATIVO",B10)),ISNUMBER(SEARCH("PR. ATIVO",B10)),ISNUMBER(SEARCH("PR.AT.",B10)),ISNUMBER(SEARCH("(P.A",B10)),ISNUMBER(SEARCH("(P. A",B10))),0,IF(OR(ISNUMBER(SEARCH("0,100KG",B10)),ISNUMBER(SEARCH("0,1KG",B10)),ISNUMBER(SEARCH("0,100L",B10))),0.1,IF(OR(ISNUMBER(SEARCH("0,200L",B10)),ISNUMBER(SEARCH("0,2L",B10)),ISNUMBER(SEARCH("0,200KG",B10)),ISNUMBER(SEARCH("0,2KG",B10))),0.2,IF(OR(ISNUMBER(SEARCH("0,240KG",B10)),ISNUMBER(SEARCH("0,250L",B10))),0.24,IF(OR(ISNUMBER(SEARCH("0,300KG",B10)),ISNUMBER(SEARCH("0,3KG",B10))),0.3,IF(OR(ISNUMBER(SEARCH("0,500L",B10)),ISNUMBER(SEARCH("0,5L",B10)),ISNUMBER(SEARCH("0,5KG",B10))),0.5,IF(ISNUMBER(SEARCH("0,8KG",B10)),0.8,IF(OR(ISNUMBER(SEARCH("1,5L",B10)),ISNUMBER(SEARCH("1,5KG",B10))),1.5,IF(OR(ISNUMBER(SEARCH("1,75L",B10)),ISNUMBER(SEARCH("1,8L",B10)),ISNUMBER(SEARCH("1.8L",B10))),1.8,IF(ISNUMBER(SEARCH("4,5KG",B10)),4.5,IF(ISNUMBER(SEARCH("7,5KG",B10)),7.5,IF(OR(ISNUMBER(SEARCH("1000L",B10)),ISNUMBER(SEARCH("1000KG",B10)),ISNUMBER(SEARCH("1.000KG",B10)),ISNUMBER(SEARCH("1.000L",B10)),ISNUMBER(SEARCH("1000 KG",B10)),ISNUMBER(SEARCH("GRANEL",B10)),ISNUMBER(SEARCH("(TON)",B10))),1000,IF(ISNUMBER(SEARCH("200L",B10)),200,IF(OR(ISNUMBER(SEARCH("25KG",B10)),ISNUMBER(SEARCH("25L",B10))),25,IF(OR(ISNUMBER(SEARCH("20L",B10)),ISNUMBER(SEARCH("20KG",B10))),20,IF(ISNUMBER(SEARCH("15KG",B10)),15,IF(OR(ISNUMBER(SEARCH("10L",B10)),ISNUMBER(SEARCH("10KG",B10))),10,IF(OR(ISNUMBER(SEARCH("5L",B10)),ISNUMBER(SEARCH("5KG",B10)),ISNUMBER(SEARCH("5LT",B10))),5,IF(OR(ISNUMBER(SEARCH("3KG",B10)),ISNUMBER(SEARCH("3L",B10))),3,IF(OR(ISNUMBER(SEARCH("2L",B10)),ISNUMBER(SEARCH("2KG",B10))),2,IF(OR(ISNUMBER(SEARCH("1L",B10)),ISNUMBER(SEARCH("1KG",B10)),ISNUMBER(SEARCH("1LT",B10))),1,IF(IF(ISNUMBER(MATCH(A10,'4. Base Mestre (845 Produtos)'!$A$4:$A$848,0)),MATCH(A10,'4. Base Mestre (845 Produtos)'!$A$4:$A$848,0),IF(ISNUMBER(MATCH(B10,'4. Base Mestre (845 Produtos)'!$B$4:$B$848,0)),MATCH(B10,'4. Base Mestre (845 Produtos)'!$B$4:$B$848,0),0))>0,INDEX('4. Base Mestre (845 Produtos)'!$D$4:$D$848,IF(ISNUMBER(MATCH(A10,'4. Base Mestre (845 Produtos)'!$A$4:$A$848,0)),MATCH(A10,'4. Base Mestre (845 Produtos)'!$A$4:$A$848,0),IF(ISNUMBER(MATCH(B10,'4. Base Mestre (845 Produtos)'!$B$4:$B$848,0)),MATCH(B10,'4. Base Mestre (845 Produtos)'!$B$4:$B$848,0),0))),1)))))))))))))))))))))))) -> 0.2 | L10: =IF(B10="","",IF(OR(ISNUMBER(SEARCH("KG",B10)),ISNUMBER(SEARCH("GR",B10))),"KG",IF(OR(ISNUMBER(SEARCH("0,200L",B10)),ISNUMBER(SEARCH("0,2L",B10)),ISNUMBER(SEARCH("0,5L",B10)),ISNUMBER(SEARCH("1,5L",B10)),ISNUMBER(SEARCH("1,8L",B10)),ISNUMBER(SEARCH("1.8L",B10)),ISNUMBER(SEARCH("1L",B10)),ISNUMBER(SEARCH("2L",B10)),ISNUMBER(SEARCH("3L",B10)),ISNUMBER(SEARCH("5L",B10)),ISNUMBER(SEARCH("10L",B10)),ISNUMBER(SEARCH("20L",B10)),ISNUMBER(SEARCH("25L",B10)),ISNUMBER(SEARCH("200L",B10)),ISNUMBER(SEARCH("1000L",B10)),ISNUMBER(SEARCH("LT",B10))),"L",IF(IF(ISNUMBER(MATCH(A10,'4. Base Mestre (845 Produtos)'!$A$4:$A$848,0)),MATCH(A10,'4. Base Mestre (845 Produtos)'!$A$4:$A$848,0),IF(ISNUMBER(MATCH(B10,'4. Base Mestre (845 Produtos)'!$B$4:$B$848,0)),MATCH(B10,'4. Base Mestre (845 Produtos)'!$B$4:$B$848,0),0))>0,INDEX('4. Base Mestre (845 Produtos)'!$E$4:$E$848,IF(ISNUMBER(MATCH(A10,'4. Base Mestre (845 Produtos)'!$A$4:$A$848,0)),MATCH(A10,'4. Base Mestre (845 Produtos)'!$A$4:$A$848,0),IF(ISNUMBER(MATCH(B10,'4. Base Mestre (845 Produtos)'!$B$4:$B$848,0)),MATCH(B10,'4. Base Mestre (845 Produtos)'!$B$4:$B$848,0),0))),C10)))) -> L | M10: =IF(B10="","",IF(C10=L10,"CONFORME — Unidade ("&C10&") compatível c/ Embalagem","DIVERGENTE — Embalagem em "&L10&", mas cadastrado em "&C10)) -> CONFORME — Unidade (L) compatível c/ Embalagem | N10: =IF(B10="","",IF(K10=0,"Granel / Produto Técnico (Sem Embalagem Comercial)",IF(K10<=0.3001,"Faixa 1 TIPI: Até 300g/mL (3808.61.00 / 3105.10.00)",IF(K10<=7.5001,"Faixa 2 TIPI: De 300g a 7,5kg/L (3808.62.90 / 3105.10.00)",IF(K10<=10.0001,"Faixa 3 TIPI: De 7,5kg a 10kg/L (3808.69.90 / 3105.10.00)","Faixa 4 TIPI: Acima de 10kg/L (3808.69.90 / Cap. 31 Geral)"))))) -> Faixa 1 TIPI: Até 300g/mL (3808.61.00 / 3105.10.00) | O10: =IF(B10="","",IF(IF(ISNUMBER(MATCH(A10,'4. Base Mestre (845 Produtos)'!$A$4:$A$848,0)),MATCH(A10,'4. Base Mestre (845 Produtos)'!$A$4:$A$848,0),IF(ISNUMBER(MATCH(B10,'4. Base Mestre (845 Produtos)'!$B$4:$B$848,0)),MATCH(B10,'4. Base Mestre (845 Produtos)'!$B$4:$B$848,0),0))>0,INDEX('4. Base Mestre (845 Produtos)'!$H$4:$H$848,IF(ISNUMBER(MATCH(A10,'4. Base Mestre (845 Produtos)'!$A$4:$A$848,0)),MATCH(A10,'4. Base Mestre (845 Produtos)'!$A$4:$A$848,0),IF(ISNUMBER(MATCH(B10,'4. Base Mestre (845 Produtos)'!$B$4:$B$848,0)),MATCH(B10,'4. Base Mestre (845 Produtos)'!$B$4:$B$848,0),0))),IF(ISNUMBER(MATCH(D10,'3. Dicionario Principios Ativos'!$A$4:$A$245,0)),INDEX('3. Dicionario Principios Ativos'!$A$4:$A$245,MATCH(D10,'3. Dicionario Principios Ativos'!$A$4:$A$245,0)),D10))) -> LAMBDA-CIALOTRINA 250 | P10: =IF(B10="","",IF(D10=O10,"CONFORME — Princípio Ativo Validado","DIVERGENTE — Substituir por: "&O10)) -> CONFORME — Princípio Ativo Validado | Q10: =IF(B10="","",IF(IF(IF(ISNUMBER(MATCH(A10,'4. Base Mestre (845 Produtos)'!$A$4:$A$848,0)),MATCH(A10,'4. Base Mestre (845 Produtos)'!$A$4:$A$848,0),IF(ISNUMBER(MATCH(B10,'4. Base Mestre (845 Produtos)'!$B$4:$B$848,0)),MATCH(B10,'4. Base Mestre (845 Produtos)'!$B$4:$B$848,0),0))>0,INDEX('4. Base Mestre (845 Produtos)'!$J$4:$J$848,IF(ISNUMBER(MATCH(A10,'4. Base Mestre (845 Produtos)'!$A$4:$A$848,0)),MATCH(A10,'4. Base Mestre (845 Produtos)'!$A$4:$A$848,0),IF(ISNUMBER(MATCH(B10,'4. Base Mestre (845 Produtos)'!$B$4:$B$848,0)),MATCH(B10,'4. Base Mestre (845 Produtos)'!$B$4:$B$848,0),0)))="SIM",IF(ISNUMBER(MATCH(D10,'3. Dicionario Principios Ativos'!$A$4:$A$245,0)),INDEX('3. Dicionario Principios Ativos'!$C$4:$C$245,MATCH(D10,'3. Dicionario Principios Ativos'!$A$4:$A$245,0))="SIM",FALSE())),IF(AND(K10>0,K10<=0.3001),"3808.61.00",IF(AND(K10>0.3001,K10<=7.5001),"3808.62.90","3808.69.90")),IF(AND(LEFT(IF(IF(ISNUMBER(MATCH(A10,'4. Base Mestre (845 Produtos)'!$A$4:$A$848,0)),MATCH(A10,'4. Base Mestre (845 Produtos)'!$A$4:$A$848,0),IF(ISNUMBER(MATCH(B10,'4. Base Mestre (845 Produtos)'!$B$4:$B$848,0)),MATCH(B10,'4. Base Mestre (845 Produtos)'!$B$4:$B$848,0),0))>0,INDEX('4. Base Mestre (845 Produtos)'!$L$4:$L$848,IF(ISNUMBER(MATCH(A10,'4. Base Mestre (845 Produtos)'!$A$4:$A$848,0)),MATCH(A10,'4. Base Mestre (845 Produtos)'!$A$4:$A$848,0),IF(ISNUMBER(MATCH(B10,'4. Base Mestre (845 Produtos)'!$B$4:$B$848,0)),MATCH(B10,'4. Base Mestre (845 Produtos)'!$B$4:$B$848,0),0))),IF(ISNUMBER(MATCH(D10,'3. Dicionario Principios Ativos'!$A$4:$A$245,0)),INDEX('3. Dicionario Principios Ativos'!$D$4:$D$245,MATCH(D10,'3. Dicionario Principios Ativos'!$A$4:$A$245,0)),E10)),2)="31",E10="3105.10.00",K10>0,K10<=10.0001),"3105.10.00",IF(AND(IF(IF(ISNUMBER(MATCH(A10,'4. Base Mestre (845 Produtos)'!$A$4:$A$848,0)),MATCH(A10,'4. Base Mestre (845 Produtos)'!$A$4:$A$848,0),IF(ISNUMBER(MATCH(B10,'4. Base Mestre (845 Produtos)'!$B$4:$B$848,0)),MATCH(B10,'4. Base Mestre (845 Produtos)'!$B$4:$B$848,0),0))>0,INDEX('4. Base Mestre (845 Produtos)'!$L$4:$L$848,IF(ISNUMBER(MATCH(A10,'4. Base Mestre (845 Produtos)'!$A$4:$A$848,0)),MATCH(A10,'4. Base Mestre (845 Produtos)'!$A$4:$A$848,0),IF(ISNUMBER(MATCH(B10,'4. Base Mestre (845 Produtos)'!$B$4:$B$848,0)),MATCH(B10,'4. Base Mestre (845 Produtos)'!$B$4:$B$848,0),0))),IF(ISNUMBER(MATCH(D10,'3. Dicionario Principios Ativos'!$A$4:$A$245,0)),INDEX('3. Dicionario Principios Ativos'!$D$4:$D$245,MATCH(D10,'3. Dicionario Principios Ativos'!$A$4:$A$245,0)),E10))="3105.10.00",K10>10.0001),"3105.90.90",IF(IF(ISNUMBER(MATCH(A10,'4. Base Mestre (845 Produtos)'!$A$4:$A$848,0)),MATCH(A10,'4. Base Mestre (845 Produtos)'!$A$4:$A$848,0),IF(ISNUMBER(MATCH(B10,'4. Base Mestre (845 Produtos)'!$B$4:$B$848,0)),MATCH(B10,'4. Base Mestre (845 Produtos)'!$B$4:$B$848,0),0))>0,INDEX('4. Base Mestre (845 Produtos)'!$L$4:$L$848,IF(ISNUMBER(MATCH(A10,'4. Base Mestre (845 Produtos)'!$A$4:$A$848,0)),MATCH(A10,'4. Base Mestre (845 Produtos)'!$A$4:$A$848,0),IF(ISNUMBER(MATCH(B10,'4. Base Mestre (845 Produtos)'!$B$4:$B$848,0)),MATCH(B10,'4. Base Mestre (845 Produtos)'!$B$4:$B$848,0),0))),IF(ISNUMBER(MATCH(D10,'3. Dicionario Principios Ativos'!$A$4:$A$245,0)),INDEX('3. Dicionario Principios Ativos'!$D$4:$D$245,MATCH(D10,'3. Dicionario Principios Ativos'!$A$4:$A$245,0)),E10)))))) -> 3808.61.00 | R10: =IF(B10="","",IF(OR(E10=Q10,AND(Q10="3002.49.99",E10="3002.90.00")),"CONFORME — NCM "&E10&" Correta na TIPI","DIVERGENTE — Substituir "&E10&" por "&Q10)) -> CONFORME — NCM 3808.61.00 Correta na TIPI | S10: =IF(B10="","",IF(AND(E10="3808.61.00",OR(K10>0.3001,K10=0)),"INCOMPATÍVEL — NCM 3808.61.00 exige emb. <= 0,3kg/L (Emb. atual: "&K10&" "&L10&" -> usar "&Q10&")",IF(AND(LEFT(E10,7)="3808.62",OR(K10<=0.3001,K10>7.5001)),"INCOMPATÍVEL — NCM 3808.62 exige emb. de 0,3 a 7,5kg/L (Emb. atual: "&K10&" "&L10&" -> usar "&Q10&")",IF(AND(LEFT(E10,7)="3808.69",K10>0,K10<=7.5001),"INCOMPATÍVEL — NCM 3808.69 exige emb. > 7,5kg/L (Emb. atual: "&K10&" "&L10&" -> usar "&Q10&")",IF(AND(LEFT(Q10,6)="3808.6",LEFT(E10,6)<>"3808.6"),"INCOMPATÍVEL — Molécula Nota Subpos. 2 c/ emb. "&K10&" "&L10&" exige NCM "&Q10,IF(AND(OR(E10="3808.91.19",E10="3808.92.19",E10="3808.93.19",E10="3808.99.19"),K10>=1),"INCOMPATÍVEL — Subitem .19 (Domissanitário) vedado p/ emb. agrícola de "&K10&" "&L10,IF(AND(E10="3105.10.00",K10>10.0001),"INCOMPATÍVEL — NCM 3105.10.00 exige peso bruto <= 10kg (Emb. atual: "&K10&" "&L10&" -> usar 3105.90.90)",IF(AND(LEFT(E10,2)="29",LEFT(Q10,4)="3808",K10>0),"INCOMPATÍVEL — Produto formulado em emb. comercial ("&K10&" "&L10&") vedado no Cap. 29 -> usar "&Q10,"CONFORME — Embalagem ("&K10&" "&L10&") compatível c/ a NCM")))))))) -> CONFORME — Embalagem (0.2 L) compatível c/ a NCM | T10: =IF(B10="","",IF(IF(ISNUMBER(MATCH(A10,'4. Base Mestre (845 Produtos)'!$A$4:$A$848,0)),MATCH(A10,'4. Base Mestre (845 Produtos)'!$A$4:$A$848,0),IF(ISNUMBER(MATCH(B10,'4. Base Mestre (845 Produtos)'!$B$4:$B$848,0)),MATCH(B10,'4. Base Mestre (845 Produtos)'!$B$4:$B$848,0),0))>0,INDEX('4. Base Mestre (845 Produtos)'!$P$4:$P$848,IF(ISNUMBER(MATCH(A10,'4. Base Mestre (845 Produtos)'!$A$4:$A$848,0)),MATCH(A10,'4. Base Mestre (845 Produtos)'!$A$4:$A$848,0),IF(ISNUMBER(MATCH(B10,'4. Base Mestre (845 Produtos)'!$B$4:$B$848,0)),MATCH(B10,'4. Base Mestre (845 Produtos)'!$B$4:$B$848,0),0))),IF(ISNUMBER(MATCH(D10,'3. Dicionario Principios Ativos'!$A$4:$A$245,0)),INDEX('3. Dicionario Principios Ativos'!$K$4:$K$245,MATCH(D10,'3. Dicionario Principios Ativos'!$A$4:$A$245,0)),"VERIFICAR BULA"))) -> 12225 | U10: =IF(B10="","",IF(ISNUMBER(SEARCH("ISENTO",T10)),IF(OR(F10=0,F10="0",F10="ISENTO",F10=""),"CONFORME (DISPENSADO) — Isento pelo Ato SDA/MAPA nº 104/2017","INCORRETO — Produto isento de registro MAPA (usar 0 ou ISENTO)"),IF(ISNUMBER(SEARCH("SIPEAGRO",T10)),IF(ISNUMBER(SEARCH("-",F10)),"CONFORME — Registro SIPEAGRO ("&F10&") Preenchido","ADEQUAR P/ SIPEAGRO — Substituir 0 pelo Registro (UF-XXXXX-XXXXX.X)"),IF(ISNUMBER(SEARCH("VINCULAR",T10)),IF(AND(F10<>0,F10<>"0",F10<>""),"INCORRETO / TROCADO — Código "&F10&" pertence a outro produto (Vincular bula da marca)","VINCULAR MARCA — Cadastro de P.A. s/ marca fixa (Vincular registro na NF-e)"),IF(OR(F10=0,F10="0",F10=""),"AUSENTE (ZERO) — Preencher Registro Oficial MAPA nº "&T10,IF(TEXT(F10,"0")=TEXT(T10,"0"),"CONFORME — Registro MAPA nº "&T10&" Validado na Bula","INCORRETO / TROCADO — Substituir "&F10&" pelo Registro Oficial nº "&T10)))))) -> CONFORME — Registro MAPA nº 12225 Validado na Bula | V10: =IF(B10="","",IF(IF(ISNUMBER(MATCH(A10,'4. Base Mestre (845 Produtos)'!$A$4:$A$848,0)),MATCH(A10,'4. Base Mestre (845 Produtos)'!$A$4:$A$848,0),IF(ISNUMBER(MATCH(B10,'4. Base Mestre (845 Produtos)'!$B$4:$B$848,0)),MATCH(B10,'4. Base Mestre (845 Produtos)'!$B$4:$B$848,0),0))>0,INDEX('4. Base Mestre (845 Produtos)'!$S$4:$S$848,IF(ISNUMBER(MATCH(A10,'4. Base Mestre (845 Produtos)'!$A$4:$A$848,0)),MATCH(A10,'4. Base Mestre (845 Produtos)'!$A$4:$A$848,0),IF(ISNUMBER(MATCH(B10,'4. Base Mestre (845 Produtos)'!$B$4:$B$848,0)),MATCH(B10,'4. Base Mestre (845 Produtos)'!$B$4:$B$848,0),0))),IF(ISNUMBER(MATCH(D10,'3. Dicionario Principios Ativos'!$A$4:$A$245,0)),INDEX('3. Dicionario Principios Ativos'!$L$4:$L$245,MATCH(D10,'3. Dicionario Principios Ativos'!$A$4:$A$245,0)),"Verificar NCM"))) -> Beneficiado (Lei 10.925/04): 0% até Mar/26 | 0,925% Real / 0,365% Pres. pós-Abr/26 (LC 224/25) | W10: =IF(B10="","",IF(IF(ISNUMBER(MATCH(A10,'4. Base Mestre (845 Produtos)'!$A$4:$A$848,0)),MATCH(A10,'4. Base Mestre (845 Produtos)'!$A$4:$A$848,0),IF(ISNUMBER(MATCH(B10,'4. Base Mestre (845 Produtos)'!$B$4:$B$848,0)),MATCH(B10,'4. Base Mestre (845 Produtos)'!$B$4:$B$848,0),0))>0,INDEX('4. Base Mestre (845 Produtos)'!$T$4:$T$848,IF(ISNUMBER(MATCH(A10,'4. Base Mestre (845 Produtos)'!$A$4:$A$848,0)),MATCH(A10,'4. Base Mestre (845 Produtos)'!$A$4:$A$848,0),IF(ISNUMBER(MATCH(B10,'4. Base Mestre (845 Produtos)'!$B$4:$B$848,0)),MATCH(B10,'4. Base Mestre (845 Produtos)'!$B$4:$B$848,0),0))),IF(ISNUMBER(MATCH(D10,'3. Dicionario Principios Ativos'!$A$4:$A$245,0)),INDEX('3. Dicionario Principios Ativos'!$M$4:$M$245,MATCH(D10,'3. Dicionario Principios Ativos'!$A$4:$A$245,0)),"Verificar CST"))) -> Saída: CST 06 (c/ Ajuste M220/M620 pós-Abr/26) | Entrada Revenda: CST 73 | X10: =IF(B10="","",IF(AND(LEFT(M10,8)="CONFORME",LEFT(P10,8)="CONFORME",LEFT(R10,8)="CONFORME",LEFT(S10,8)="CONFORME",LEFT(U10,8)="CONFORME"),"CADASTRO 100% CONFORME — LIBERADO P/ ERP",IF(AND(LEFT(M10,8)="CONFORME",LEFT(P10,8)="CONFORME",LEFT(R10,8)="CONFORME",LEFT(S10,8)="CONFORME",OR(LEFT(U10,7)="ADEQUAR",LEFT(U10,8)="VINCULAR")),"FISCAL E EMBALAGEM OK — ADEQUAR CAMPO MAPA (SIPEAGRO / MARCA)","BLOQUEADO — CORRIGIR DIVERGÊNCIAS APONTADAS ANTES DE LIBERAR NO ERP"))) -> CADASTRO 100% CONFORME — LIBERADO P/ ERP
A11: 233 | B11: TRINCA CAPS 4X5L | C11: L | D11: LAMBDA-CIALOTRINA 250 | E11: 3808.62.90 | F11: 4110 | H11: Cenário 03 [OK]: Lambda-cialotrina em galão 5L (300g a 7,5kg) na NCM 3808.62.90 correta | I11: =IF(B11="","",IF(ISNUMBER(MATCH(A11,'4. Base Mestre (845 Produtos)'!$A$4:$A$848,0)),"Localizado por Código ("&A11&") na Base Mestre",IF(ISNUMBER(MATCH(B11,'4. Base Mestre (845 Produtos)'!$B$4:$B$848,0)),"Localizado por Descrição na Base Mestre",IF(ISNUMBER(MATCH(D11,'3. Dicionario Principios Ativos'!$A$4:$A$245,0)),"Produto Novo — Validado pelo Dicionário de P.A.","Não Localizado — Revisar Código/P.A.")))) -> Localizado por Código (233) na Base Mestre | J11: =IF(B11="","",IF(IF(ISNUMBER(MATCH(A11,'4. Base Mestre (845 Produtos)'!$A$4:$A$848,0)),MATCH(A11,'4. Base Mestre (845 Produtos)'!$A$4:$A$848,0),IF(ISNUMBER(MATCH(B11,'4. Base Mestre (845 Produtos)'!$B$4:$B$848,0)),MATCH(B11,'4. Base Mestre (845 Produtos)'!$B$4:$B$848,0),0))>0,INDEX('4. Base Mestre (845 Produtos)'!$I$4:$I$848,IF(ISNUMBER(MATCH(A11,'4. Base Mestre (845 Produtos)'!$A$4:$A$848,0)),MATCH(A11,'4. Base Mestre (845 Produtos)'!$A$4:$A$848,0),IF(ISNUMBER(MATCH(B11,'4. Base Mestre (845 Produtos)'!$B$4:$B$848,0)),MATCH(B11,'4. Base Mestre (845 Produtos)'!$B$4:$B$848,0),0))),IF(ISNUMBER(MATCH(D11,'3. Dicionario Principios Ativos'!$A$4:$A$245,0)),INDEX('3. Dicionario Principios Ativos'!$B$4:$B$245,MATCH(D11,'3. Dicionario Principios Ativos'!$A$4:$A$245,0)),"Revisar Classificação"))) -> Defensivos — Inseticida | K11: =IF(B11="","",IF(G11<>"",G11,IF(OR(ISNUMBER(SEARCH("PRINCIPIO ATIVO",B11)),ISNUMBER(SEARCH("PRINC. ATIVO",B11)),ISNUMBER(SEARCH("PR. ATIVO",B11)),ISNUMBER(SEARCH("PR.AT.",B11)),ISNUMBER(SEARCH("(P.A",B11)),ISNUMBER(SEARCH("(P. A",B11))),0,IF(OR(ISNUMBER(SEARCH("0,100KG",B11)),ISNUMBER(SEARCH("0,1KG",B11)),ISNUMBER(SEARCH("0,100L",B11))),0.1,IF(OR(ISNUMBER(SEARCH("0,200L",B11)),ISNUMBER(SEARCH("0,2L",B11)),ISNUMBER(SEARCH("0,200KG",B11)),ISNUMBER(SEARCH("0,2KG",B11))),0.2,IF(OR(ISNUMBER(SEARCH("0,240KG",B11)),ISNUMBER(SEARCH("0,250L",B11))),0.24,IF(OR(ISNUMBER(SEARCH("0,300KG",B11)),ISNUMBER(SEARCH("0,3KG",B11))),0.3,IF(OR(ISNUMBER(SEARCH("0,500L",B11)),ISNUMBER(SEARCH("0,5L",B11)),ISNUMBER(SEARCH("0,5KG",B11))),0.5,IF(ISNUMBER(SEARCH("0,8KG",B11)),0.8,IF(OR(ISNUMBER(SEARCH("1,5L",B11)),ISNUMBER(SEARCH("1,5KG",B11))),1.5,IF(OR(ISNUMBER(SEARCH("1,75L",B11)),ISNUMBER(SEARCH("1,8L",B11)),ISNUMBER(SEARCH("1.8L",B11))),1.8,IF(ISNUMBER(SEARCH("4,5KG",B11)),4.5,IF(ISNUMBER(SEARCH("7,5KG",B11)),7.5,IF(OR(ISNUMBER(SEARCH("1000L",B11)),ISNUMBER(SEARCH("1000KG",B11)),ISNUMBER(SEARCH("1.000KG",B11)),ISNUMBER(SEARCH("1.000L",B11)),ISNUMBER(SEARCH("1000 KG",B11)),ISNUMBER(SEARCH("GRANEL",B11)),ISNUMBER(SEARCH("(TON)",B11))),1000,IF(ISNUMBER(SEARCH("200L",B11)),200,IF(OR(ISNUMBER(SEARCH("25KG",B11)),ISNUMBER(SEARCH("25L",B11))),25,IF(OR(ISNUMBER(SEARCH("20L",B11)),ISNUMBER(SEARCH("20KG",B11))),20,IF(ISNUMBER(SEARCH("15KG",B11)),15,IF(OR(ISNUMBER(SEARCH("10L",B11)),ISNUMBER(SEARCH("10KG",B11))),10,IF(OR(ISNUMBER(SEARCH("5L",B11)),ISNUMBER(SEARCH("5KG",B11)),ISNUMBER(SEARCH("5LT",B11))),5,IF(OR(ISNUMBER(SEARCH("3KG",B11)),ISNUMBER(SEARCH("3L",B11))),3,IF(OR(ISNUMBER(SEARCH("2L",B11)),ISNUMBER(SEARCH("2KG",B11))),2,IF(OR(ISNUMBER(SEARCH("1L",B11)),ISNUMBER(SEARCH("1KG",B11)),ISNUMBER(SEARCH("1LT",B11))),1,IF(IF(ISNUMBER(MATCH(A11,'4. Base Mestre (845 Produtos)'!$A$4:$A$848,0)),MATCH(A11,'4. Base Mestre (845 Produtos)'!$A$4:$A$848,0),IF(ISNUMBER(MATCH(B11,'4. Base Mestre (845 Produtos)'!$B$4:$B$848,0)),MATCH(B11,'4. Base Mestre (845 Produtos)'!$B$4:$B$848,0),0))>0,INDEX('4. Base Mestre (845 Produtos)'!$D$4:$D$848,IF(ISNUMBER(MATCH(A11,'4. Base Mestre (845 Produtos)'!$A$4:$A$848,0)),MATCH(A11,'4. Base Mestre (845 Produtos)'!$A$4:$A$848,0),IF(ISNUMBER(MATCH(B11,'4. Base Mestre (845 Produtos)'!$B$4:$B$848,0)),MATCH(B11,'4. Base Mestre (845 Produtos)'!$B$4:$B$848,0),0))),1)))))))))))))))))))))))) -> 5 | L11: =IF(B11="","",IF(OR(ISNUMBER(SEARCH("KG",B11)),ISNUMBER(SEARCH("GR",B11))),"KG",IF(OR(ISNUMBER(SEARCH("0,200L",B11)),ISNUMBER(SEARCH("0,2L",B11)),ISNUMBER(SEARCH("0,5L",B11)),ISNUMBER(SEARCH("1,5L",B11)),ISNUMBER(SEARCH("1,8L",B11)),ISNUMBER(SEARCH("1.8L",B11)),ISNUMBER(SEARCH("1L",B11)),ISNUMBER(SEARCH("2L",B11)),ISNUMBER(SEARCH("3L",B11)),ISNUMBER(SEARCH("5L",B11)),ISNUMBER(SEARCH("10L",B11)),ISNUMBER(SEARCH("20L",B11)),ISNUMBER(SEARCH("25L",B11)),ISNUMBER(SEARCH("200L",B11)),ISNUMBER(SEARCH("1000L",B11)),ISNUMBER(SEARCH("LT",B11))),"L",IF(IF(ISNUMBER(MATCH(A11,'4. Base Mestre (845 Produtos)'!$A$4:$A$848,0)),MATCH(A11,'4. Base Mestre (845 Produtos)'!$A$4:$A$848,0),IF(ISNUMBER(MATCH(B11,'4. Base Mestre (845 Produtos)'!$B$4:$B$848,0)),MATCH(B11,'4. Base Mestre (845 Produtos)'!$B$4:$B$848,0),0))>0,INDEX('4. Base Mestre (845 Produtos)'!$E$4:$E$848,IF(ISNUMBER(MATCH(A11,'4. Base Mestre (845 Produtos)'!$A$4:$A$848,0)),MATCH(A11,'4. Base Mestre (845 Produtos)'!$A$4:$A$848,0),IF(ISNUMBER(MATCH(B11,'4. Base Mestre (845 Produtos)'!$B$4:$B$848,0)),MATCH(B11,'4. Base Mestre (845 Produtos)'!$B$4:$B$848,0),0))),C11)))) -> L | M11: =IF(B11="","",IF(C11=L11,"CONFORME — Unidade ("&C11&") compatível c/ Embalagem","DIVERGENTE — Embalagem em "&L11&", mas cadastrado em "&C11)) -> CONFORME — Unidade (L) compatível c/ Embalagem | N11: =IF(B11="","",IF(K11=0,"Granel / Produto Técnico (Sem Embalagem Comercial)",IF(K11<=0.3001,"Faixa 1 TIPI: Até 300g/mL (3808.61.00 / 3105.10.00)",IF(K11<=7.5001,"Faixa 2 TIPI: De 300g a 7,5kg/L (3808.62.90 / 3105.10.00)",IF(K11<=10.0001,"Faixa 3 TIPI: De 7,5kg a 10kg/L (3808.69.90 / 3105.10.00)","Faixa 4 TIPI: Acima de 10kg/L (3808.69.90 / Cap. 31 Geral)"))))) -> Faixa 2 TIPI: De 300g a 7,5kg/L (3808.62.90 / 3105.10.00) | O11: =IF(B11="","",IF(IF(ISNUMBER(MATCH(A11,'4. Base Mestre (845 Produtos)'!$A$4:$A$848,0)),MATCH(A11,'4. Base Mestre (845 Produtos)'!$A$4:$A$848,0),IF(ISNUMBER(MATCH(B11,'4. Base Mestre (845 Produtos)'!$B$4:$B$848,0)),MATCH(B11,'4. Base Mestre (845 Produtos)'!$B$4:$B$848,0),0))>0,INDEX('4. Base Mestre (845 Produtos)'!$H$4:$H$848,IF(ISNUMBER(MATCH(A11,'4. Base Mestre (845 Produtos)'!$A$4:$A$848,0)),MATCH(A11,'4. Base Mestre (845 Produtos)'!$A$4:$A$848,0),IF(ISNUMBER(MATCH(B11,'4. Base Mestre (845 Produtos)'!$B$4:$B$848,0)),MATCH(B11,'4. Base Mestre (845 Produtos)'!$B$4:$B$848,0),0))),IF(ISNUMBER(MATCH(D11,'3. Dicionario Principios Ativos'!$A$4:$A$245,0)),INDEX('3. Dicionario Principios Ativos'!$A$4:$A$245,MATCH(D11,'3. Dicionario Principios Ativos'!$A$4:$A$245,0)),D11))) -> LAMBDA-CIALOTRINA 250 | P11: =IF(B11="","",IF(D11=O11,"CONFORME — Princípio Ativo Validado","DIVERGENTE — Substituir por: "&O11)) -> CONFORME — Princípio Ativo Validado | Q11: =IF(B11="","",IF(IF(IF(ISNUMBER(MATCH(A11,'4. Base Mestre (845 Produtos)'!$A$4:$A$848,0)),MATCH(A11,'4. Base Mestre (845 Produtos)'!$A$4:$A$848,0),IF(ISNUMBER(MATCH(B11,'4. Base Mestre (845 Produtos)'!$B$4:$B$848,0)),MATCH(B11,'4. Base Mestre (845 Produtos)'!$B$4:$B$848,0),0))>0,INDEX('4. Base Mestre (845 Produtos)'!$J$4:$J$848,IF(ISNUMBER(MATCH(A11,'4. Base Mestre (845 Produtos)'!$A$4:$A$848,0)),MATCH(A11,'4. Base Mestre (845 Produtos)'!$A$4:$A$848,0),IF(ISNUMBER(MATCH(B11,'4. Base Mestre (845 Produtos)'!$B$4:$B$848,0)),MATCH(B11,'4. Base Mestre (845 Produtos)'!$B$4:$B$848,0),0)))="SIM",IF(ISNUMBER(MATCH(D11,'3. Dicionario Principios Ativos'!$A$4:$A$245,0)),INDEX('3. Dicionario Principios Ativos'!$C$4:$C$245,MATCH(D11,'3. Dicionario Principios Ativos'!$A$4:$A$245,0))="SIM",FALSE())),IF(AND(K11>0,K11<=0.3001),"3808.61.00",IF(AND(K11>0.3001,K11<=7.5001),"3808.62.90","3808.69.90")),IF(AND(LEFT(IF(IF(ISNUMBER(MATCH(A11,'4. Base Mestre (845 Produtos)'!$A$4:$A$848,0)),MATCH(A11,'4. Base Mestre (845 Produtos)'!$A$4:$A$848,0),IF(ISNUMBER(MATCH(B11,'4. Base Mestre (845 Produtos)'!$B$4:$B$848,0)),MATCH(B11,'4. Base Mestre (845 Produtos)'!$B$4:$B$848,0),0))>0,INDEX('4. Base Mestre (845 Produtos)'!$L$4:$L$848,IF(ISNUMBER(MATCH(A11,'4. Base Mestre (845 Produtos)'!$A$4:$A$848,0)),MATCH(A11,'4. Base Mestre (845 Produtos)'!$A$4:$A$848,0),IF(ISNUMBER(MATCH(B11,'4. Base Mestre (845 Produtos)'!$B$4:$B$848,0)),MATCH(B11,'4. Base Mestre (845 Produtos)'!$B$4:$B$848,0),0))),IF(ISNUMBER(MATCH(D11,'3. Dicionario Principios Ativos'!$A$4:$A$245,0)),INDEX('3. Dicionario Principios Ativos'!$D$4:$D$245,MATCH(D11,'3. Dicionario Principios Ativos'!$A$4:$A$245,0)),E11)),2)="31",E11="3105.10.00",K11>0,K11<=10.0001),"3105.10.00",IF(AND(IF(IF(ISNUMBER(MATCH(A11,'4. Base Mestre (845 Produtos)'!$A$4:$A$848,0)),MATCH(A11,'4. Base Mestre (845 Produtos)'!$A$4:$A$848,0),IF(ISNUMBER(MATCH(B11,'4. Base Mestre (845 Produtos)'!$B$4:$B$848,0)),MATCH(B11,'4. Base Mestre (845 Produtos)'!$B$4:$B$848,0),0))>0,INDEX('4. Base Mestre (845 Produtos)'!$L$4:$L$848,IF(ISNUMBER(MATCH(A11,'4. Base Mestre (845 Produtos)'!$A$4:$A$848,0)),MATCH(A11,'4. Base Mestre (845 Produtos)'!$A$4:$A$848,0),IF(ISNUMBER(MATCH(B11,'4. Base Mestre (845 Produtos)'!$B$4:$B$848,0)),MATCH(B11,'4. Base Mestre (845 Produtos)'!$B$4:$B$848,0),0))),IF(ISNUMBER(MATCH(D11,'3. Dicionario Principios Ativos'!$A$4:$A$245,0)),INDEX('3. Dicionario Principios Ativos'!$D$4:$D$245,MATCH(D11,'3. Dicionario Principios Ativos'!$A$4:$A$245,0)),E11))="3105.10.00",K11>10.0001),"3105.90.90",IF(IF(ISNUMBER(MATCH(A11,'4. Base Mestre (845 Produtos)'!$A$4:$A$848,0)),MATCH(A11,'4. Base Mestre (845 Produtos)'!$A$4:$A$848,0),IF(ISNUMBER(MATCH(B11,'4. Base Mestre (845 Produtos)'!$B$4:$B$848,0)),MATCH(B11,'4. Base Mestre (845 Produtos)'!$B$4:$B$848,0),0))>0,INDEX('4. Base Mestre (845 Produtos)'!$L$4:$L$848,IF(ISNUMBER(MATCH(A11,'4. Base Mestre (845 Produtos)'!$A$4:$A$848,0)),MATCH(A11,'4. Base Mestre (845 Produtos)'!$A$4:$A$848,0),IF(ISNUMBER(MATCH(B11,'4. Base Mestre (845 Produtos)'!$B$4:$B$848,0)),MATCH(B11,'4. Base Mestre (845 Produtos)'!$B$4:$B$848,0),0))),IF(ISNUMBER(MATCH(D11,'3. Dicionario Principios Ativos'!$A$4:$A$245,0)),INDEX('3. Dicionario Principios Ativos'!$D$4:$D$245,MATCH(D11,'3. Dicionario Principios Ativos'!$A$4:$A$245,0)),E11)))))) -> 3808.62.90 | R11: =IF(B11="","",IF(OR(E11=Q11,AND(Q11="3002.49.99",E11="3002.90.00")),"CONFORME — NCM "&E11&" Correta na TIPI","DIVERGENTE — Substituir "&E11&" por "&Q11)) -> CONFORME — NCM 3808.62.90 Correta na TIPI | S11: =IF(B11="","",IF(AND(E11="3808.61.00",OR(K11>0.3001,K11=0)),"INCOMPATÍVEL — NCM 3808.61.00 exige emb. <= 0,3kg/L (Emb. atual: "&K11&" "&L11&" -> usar "&Q11&")",IF(AND(LEFT(E11,7)="3808.62",OR(K11<=0.3001,K11>7.5001)),"INCOMPATÍVEL — NCM 3808.62 exige emb. de 0,3 a 7,5kg/L (Emb. atual: "&K11&" "&L11&" -> usar "&Q11&")",IF(AND(LEFT(E11,7)="3808.69",K11>0,K11<=7.5001),"INCOMPATÍVEL — NCM 3808.69 exige emb. > 7,5kg/L (Emb. atual: "&K11&" "&L11&" -> usar "&Q11&")",IF(AND(LEFT(Q11,6)="3808.6",LEFT(E11,6)<>"3808.6"),"INCOMPATÍVEL — Molécula Nota Subpos. 2 c/ emb. "&K11&" "&L11&" exige NCM "&Q11,IF(AND(OR(E11="3808.91.19",E11="3808.92.19",E11="3808.93.19",E11="3808.99.19"),K11>=1),"INCOMPATÍVEL — Subitem .19 (Domissanitário) vedado p/ emb. agrícola de "&K11&" "&L11,IF(AND(E11="3105.10.00",K11>10.0001),"INCOMPATÍVEL — NCM 3105.10.00 exige peso bruto <= 10kg (Emb. atual: "&K11&" "&L11&" -> usar 3105.90.90)",IF(AND(LEFT(E11,2)="29",LEFT(Q11,4)="3808",K11>0),"INCOMPATÍVEL — Produto formulado em emb. comercial ("&K11&" "&L11&") vedado no Cap. 29 -> usar "&Q11,"CONFORME — Embalagem ("&K11&" "&L11&") compatível c/ a NCM")))))))) -> CONFORME — Embalagem (5 L) compatível c/ a NCM | T11: =IF(B11="","",IF(IF(ISNUMBER(MATCH(A11,'4. Base Mestre (845 Produtos)'!$A$4:$A$848,0)),MATCH(A11,'4. Base Mestre (845 Produtos)'!$A$4:$A$848,0),IF(ISNUMBER(MATCH(B11,'4. Base Mestre (845 Produtos)'!$B$4:$B$848,0)),MATCH(B11,'4. Base Mestre (845 Produtos)'!$B$4:$B$848,0),0))>0,INDEX('4. Base Mestre (845 Produtos)'!$P$4:$P$848,IF(ISNUMBER(MATCH(A11,'4. Base Mestre (845 Produtos)'!$A$4:$A$848,0)),MATCH(A11,'4. Base Mestre (845 Produtos)'!$A$4:$A$848,0),IF(ISNUMBER(MATCH(B11,'4. Base Mestre (845 Produtos)'!$B$4:$B$848,0)),MATCH(B11,'4. Base Mestre (845 Produtos)'!$B$4:$B$848,0),0))),IF(ISNUMBER(MATCH(D11,'3. Dicionario Principios Ativos'!$A$4:$A$245,0)),INDEX('3. Dicionario Principios Ativos'!$K$4:$K$245,MATCH(D11,'3. Dicionario Principios Ativos'!$A$4:$A$245,0)),"VERIFICAR BULA"))) -> 4110 | U11: =IF(B11="","",IF(ISNUMBER(SEARCH("ISENTO",T11)),IF(OR(F11=0,F11="0",F11="ISENTO",F11=""),"CONFORME (DISPENSADO) — Isento pelo Ato SDA/MAPA nº 104/2017","INCORRETO — Produto isento de registro MAPA (usar 0 ou ISENTO)"),IF(ISNUMBER(SEARCH("SIPEAGRO",T11)),IF(ISNUMBER(SEARCH("-",F11)),"CONFORME — Registro SIPEAGRO ("&F11&") Preenchido","ADEQUAR P/ SIPEAGRO — Substituir 0 pelo Registro (UF-XXXXX-XXXXX.X)"),IF(ISNUMBER(SEARCH("VINCULAR",T11)),IF(AND(F11<>0,F11<>"0",F11<>""),"INCORRETO / TROCADO — Código "&F11&" pertence a outro produto (Vincular bula da marca)","VINCULAR MARCA — Cadastro de P.A. s/ marca fixa (Vincular registro na NF-e)"),IF(OR(F11=0,F11="0",F11=""),"AUSENTE (ZERO) — Preencher Registro Oficial MAPA nº "&T11,IF(TEXT(F11,"0")=TEXT(T11,"0"),"CONFORME — Registro MAPA nº "&T11&" Validado na Bula","INCORRETO / TROCADO — Substituir "&F11&" pelo Registro Oficial nº "&T11)))))) -> CONFORME — Registro MAPA nº 4110 Validado na Bula | V11: =IF(B11="","",IF(IF(ISNUMBER(MATCH(A11,'4. Base Mestre (845 Produtos)'!$A$4:$A$848,0)),MATCH(A11,'4. Base Mestre (845 Produtos)'!$A$4:$A$848,0),IF(ISNUMBER(MATCH(B11,'4. Base Mestre (845 Produtos)'!$B$4:$B$848,0)),MATCH(B11,'4. Base Mestre (845 Produtos)'!$B$4:$B$848,0),0))>0,INDEX('4. Base Mestre (845 Produtos)'!$S$4:$S$848,IF(ISNUMBER(MATCH(A11,'4. Base Mestre (845 Produtos)'!$A$4:$A$848,0)),MATCH(A11,'4. Base Mestre (845 Produtos)'!$A$4:$A$848,0),IF(ISNUMBER(MATCH(B11,'4. Base Mestre (845 Produtos)'!$B$4:$B$848,0)),MATCH(B11,'4. Base Mestre (845 Produtos)'!$B$4:$B$848,0),0))),IF(ISNUMBER(MATCH(D11,'3. Dicionario Principios Ativos'!$A$4:$A$245,0)),INDEX('3. Dicionario Principios Ativos'!$L$4:$L$245,MATCH(D11,'3. Dicionario Principios Ativos'!$A$4:$A$245,0)),"Verificar NCM"))) -> Beneficiado (Lei 10.925/04): 0% até Mar/26 | 0,925% Real / 0,365% Pres. pós-Abr/26 (LC 224/25) | W11: =IF(B11="","",IF(IF(ISNUMBER(MATCH(A11,'4. Base Mestre (845 Produtos)'!$A$4:$A$848,0)),MATCH(A11,'4. Base Mestre (845 Produtos)'!$A$4:$A$848,0),IF(ISNUMBER(MATCH(B11,'4. Base Mestre (845 Produtos)'!$B$4:$B$848,0)),MATCH(B11,'4. Base Mestre (845 Produtos)'!$B$4:$B$848,0),0))>0,INDEX('4. Base Mestre (845 Produtos)'!$T$4:$T$848,IF(ISNUMBER(MATCH(A11,'4. Base Mestre (845 Produtos)'!$A$4:$A$848,0)),MATCH(A11,'4. Base Mestre (845 Produtos)'!$A$4:$A$848,0),IF(ISNUMBER(MATCH(B11,'4. Base Mestre (845 Produtos)'!$B$4:$B$848,0)),MATCH(B11,'4. Base Mestre (845 Produtos)'!$B$4:$B$848,0),0))),IF(ISNUMBER(MATCH(D11,'3. Dicionario Principios Ativos'!$A$4:$A$245,0)),INDEX('3. Dicionario Principios Ativos'!$M$4:$M$245,MATCH(D11,'3. Dicionario Principios Ativos'!$A$4:$A$245,0)),"Verificar CST"))) -> Saída: CST 06 (c/ Ajuste M220/M620 pós-Abr/26) | Entrada Revenda: CST 73 | X11: =IF(B11="","",IF(AND(LEFT(M11,8)="CONFORME",LEFT(P11,8)="CONFORME",LEFT(R11,8)="CONFORME",LEFT(S11,8)="CONFORME",LEFT(U11,8)="CONFORME"),"CADASTRO 100% CONFORME — LIBERADO P/ ERP",IF(AND(LEFT(M11,8)="CONFORME",LEFT(P11,8)="CONFORME",LEFT(R11,8)="CONFORME",LEFT(S11,8)="CONFORME",OR(LEFT(U11,7)="ADEQUAR",LEFT(U11,8)="VINCULAR")),"FISCAL E EMBALAGEM OK — ADEQUAR CAMPO MAPA (SIPEAGRO / MARCA)","BLOQUEADO — CORRIGIR DIVERGÊNCIAS APONTADAS ANTES DE LIBERAR NO ERP"))) -> CADASTRO 100% CONFORME — LIBERADO P/ ERP
A12: 231 | B12: SAMURAI 1X20L | C12: L | D12: LAMBDA-CIALOTRINA 250 | E12: 3808.69.90 | F12: 2020 | H12: Cenário 04 [OK]: Lambda-cialotrina em bombona 20L (>7,5kg) na NCM 3808.69.90 correta | I12: =IF(B12="","",IF(ISNUMBER(MATCH(A12,'4. Base Mestre (845 Produtos)'!$A$4:$A$848,0)),"Localizado por Código ("&A12&") na Base Mestre",IF(ISNUMBER(MATCH(B12,'4. Base Mestre (845 Produtos)'!$B$4:$B$848,0)),"Localizado por Descrição na Base Mestre",IF(ISNUMBER(MATCH(D12,'3. Dicionario Principios Ativos'!$A$4:$A$245,0)),"Produto Novo — Validado pelo Dicionário de P.A.","Não Localizado — Revisar Código/P.A.")))) -> Localizado por Código (231) na Base Mestre | J12: =IF(B12="","",IF(IF(ISNUMBER(MATCH(A12,'4. Base Mestre (845 Produtos)'!$A$4:$A$848,0)),MATCH(A12,'4. Base Mestre (845 Produtos)'!$A$4:$A$848,0),IF(ISNUMBER(MATCH(B12,'4. Base Mestre (845 Produtos)'!$B$4:$B$848,0)),MATCH(B12,'4. Base Mestre (845 Produtos)'!$B$4:$B$848,0),0))>0,INDEX('4. Base Mestre (845 Produtos)'!$I$4:$I$848,IF(ISNUMBER(MATCH(A12,'4. Base Mestre (845 Produtos)'!$A$4:$A$848,0)),MATCH(A12,'4. Base Mestre (845 Produtos)'!$A$4:$A$848,0),IF(ISNUMBER(MATCH(B12,'4. Base Mestre (845 Produtos)'!$B$4:$B$848,0)),MATCH(B12,'4. Base Mestre (845 Produtos)'!$B$4:$B$848,0),0))),IF(ISNUMBER(MATCH(D12,'3. Dicionario Principios Ativos'!$A$4:$A$245,0)),INDEX('3. Dicionario Principios Ativos'!$B$4:$B$245,MATCH(D12,'3. Dicionario Principios Ativos'!$A$4:$A$245,0)),"Revisar Classificação"))) -> Defensivos — Inseticida | K12: =IF(B12="","",IF(G12<>"",G12,IF(OR(ISNUMBER(SEARCH("PRINCIPIO ATIVO",B12)),ISNUMBER(SEARCH("PRINC. ATIVO",B12)),ISNUMBER(SEARCH("PR. ATIVO",B12)),ISNUMBER(SEARCH("PR.AT.",B12)),ISNUMBER(SEARCH("(P.A",B12)),ISNUMBER(SEARCH("(P. A",B12))),0,IF(OR(ISNUMBER(SEARCH("0,100KG",B12)),ISNUMBER(SEARCH("0,1KG",B12)),ISNUMBER(SEARCH("0,100L",B12))),0.1,IF(OR(ISNUMBER(SEARCH("0,200L",B12)),ISNUMBER(SEARCH("0,2L",B12)),ISNUMBER(SEARCH("0,200KG",B12)),ISNUMBER(SEARCH("0,2KG",B12))),0.2,IF(OR(ISNUMBER(SEARCH("0,240KG",B12)),ISNUMBER(SEARCH("0,250L",B12))),0.24,IF(OR(ISNUMBER(SEARCH("0,300KG",B12)),ISNUMBER(SEARCH("0,3KG",B12))),0.3,IF(OR(ISNUMBER(SEARCH("0,500L",B12)),ISNUMBER(SEARCH("0,5L",B12)),ISNUMBER(SEARCH("0,5KG",B12))),0.5,IF(ISNUMBER(SEARCH("0,8KG",B12)),0.8,IF(OR(ISNUMBER(SEARCH("1,5L",B12)),ISNUMBER(SEARCH("1,5KG",B12))),1.5,IF(OR(ISNUMBER(SEARCH("1,75L",B12)),ISNUMBER(SEARCH("1,8L",B12)),ISNUMBER(SEARCH("1.8L",B12))),1.8,IF(ISNUMBER(SEARCH("4,5KG",B12)),4.5,IF(ISNUMBER(SEARCH("7,5KG",B12)),7.5,IF(OR(ISNUMBER(SEARCH("1000L",B12)),ISNUMBER(SEARCH("1000KG",B12)),ISNUMBER(SEARCH("1.000KG",B12)),ISNUMBER(SEARCH("1.000L",B12)),ISNUMBER(SEARCH("1000 KG",B12)),ISNUMBER(SEARCH("GRANEL",B12)),ISNUMBER(SEARCH("(TON)",B12))),1000,IF(ISNUMBER(SEARCH("200L",B12)),200,IF(OR(ISNUMBER(SEARCH("25KG",B12)),ISNUMBER(SEARCH("25L",B12))),25,IF(OR(ISNUMBER(SEARCH("20L",B12)),ISNUMBER(SEARCH("20KG",B12))),20,IF(ISNUMBER(SEARCH("15KG",B12)),15,IF(OR(ISNUMBER(SEARCH("10L",B12)),ISNUMBER(SEARCH("10KG",B12))),10,IF(OR(ISNUMBER(SEARCH("5L",B12)),ISNUMBER(SEARCH("5KG",B12)),ISNUMBER(SEARCH("5LT",B12))),5,IF(OR(ISNUMBER(SEARCH("3KG",B12)),ISNUMBER(SEARCH("3L",B12))),3,IF(OR(ISNUMBER(SEARCH("2L",B12)),ISNUMBER(SEARCH("2KG",B12))),2,IF(OR(ISNUMBER(SEARCH("1L",B12)),ISNUMBER(SEARCH("1KG",B12)),ISNUMBER(SEARCH("1LT",B12))),1,IF(IF(ISNUMBER(MATCH(A12,'4. Base Mestre (845 Produtos)'!$A$4:$A$848,0)),MATCH(A12,'4. Base Mestre (845 Produtos)'!$A$4:$A$848,0),IF(ISNUMBER(MATCH(B12,'4. Base Mestre (845 Produtos)'!$B$4:$B$848,0)),MATCH(B12,'4. Base Mestre (845 Produtos)'!$B$4:$B$848,0),0))>0,INDEX('4. Base Mestre (845 Produtos)'!$D$4:$D$848,IF(ISNUMBER(MATCH(A12,'4. Base Mestre (845 Produtos)'!$A$4:$A$848,0)),MATCH(A12,'4. Base Mestre (845 Produtos)'!$A$4:$A$848,0),IF(ISNUMBER(MATCH(B12,'4. Base Mestre (845 Produtos)'!$B$4:$B$848,0)),MATCH(B12,'4. Base Mestre (845 Produtos)'!$B$4:$B$848,0),0))),1)))))))))))))))))))))))) -> 20 | L12: =IF(B12="","",IF(OR(ISNUMBER(SEARCH("KG",B12)),ISNUMBER(SEARCH("GR",B12))),"KG",IF(OR(ISNUMBER(SEARCH("0,200L",B12)),ISNUMBER(SEARCH("0,2L",B12)),ISNUMBER(SEARCH("0,5L",B12)),ISNUMBER(SEARCH("1,5L",B12)),ISNUMBER(SEARCH("1,8L",B12)),ISNUMBER(SEARCH("1.8L",B12)),ISNUMBER(SEARCH("1L",B12)),ISNUMBER(SEARCH("2L",B12)),ISNUMBER(SEARCH("3L",B12)),ISNUMBER(SEARCH("5L",B12)),ISNUMBER(SEARCH("10L",B12)),ISNUMBER(SEARCH("20L",B12)),ISNUMBER(SEARCH("25L",B12)),ISNUMBER(SEARCH("200L",B12)),ISNUMBER(SEARCH("1000L",B12)),ISNUMBER(SEARCH("LT",B12))),"L",IF(IF(ISNUMBER(MATCH(A12,'4. Base Mestre (845 Produtos)'!$A$4:$A$848,0)),MATCH(A12,'4. Base Mestre (845 Produtos)'!$A$4:$A$848,0),IF(ISNUMBER(MATCH(B12,'4. Base Mestre (845 Produtos)'!$B$4:$B$848,0)),MATCH(B12,'4. Base Mestre (845 Produtos)'!$B$4:$B$848,0),0))>0,INDEX('4. Base Mestre (845 Produtos)'!$E$4:$E$848,IF(ISNUMBER(MATCH(A12,'4. Base Mestre (845 Produtos)'!$A$4:$A$848,0)),MATCH(A12,'4. Base Mestre (845 Produtos)'!$A$4:$A$848,0),IF(ISNUMBER(MATCH(B12,'4. Base Mestre (845 Produtos)'!$B$4:$B$848,0)),MATCH(B12,'4. Base Mestre (845 Produtos)'!$B$4:$B$848,0),0))),C12)))) -> L | M12: =IF(B12="","",IF(C12=L12,"CONFORME — Unidade ("&C12&") compatível c/ Embalagem","DIVERGENTE — Embalagem em "&L12&", mas cadastrado em "&C12)) -> CONFORME — Unidade (L) compatível c/ Embalagem | N12: =IF(B12="","",IF(K12=0,"Granel / Produto Técnico (Sem Embalagem Comercial)",IF(K12<=0.3001,"Faixa 1 TIPI: Até 300g/mL (3808.61.00 / 3105.10.00)",IF(K12<=7.5001,"Faixa 2 TIPI: De 300g a 7,5kg/L (3808.62.90 / 3105.10.00)",IF(K12<=10.0001,"Faixa 3 TIPI: De 7,5kg a 10kg/L (3808.69.90 / 3105.10.00)","Faixa 4 TIPI: Acima de 10kg/L (3808.69.90 / Cap. 31 Geral)"))))) -> Faixa 4 TIPI: Acima de 10kg/L (3808.69.90 / Cap. 31 Geral) | O12: =IF(B12="","",IF(IF(ISNUMBER(MATCH(A12,'4. Base Mestre (845 Produtos)'!$A$4:$A$848,0)),MATCH(A12,'4. Base Mestre (845 Produtos)'!$A$4:$A$848,0),IF(ISNUMBER(MATCH(B12,'4. Base Mestre (845 Produtos)'!$B$4:$B$848,0)),MATCH(B12,'4. Base Mestre (845 Produtos)'!$B$4:$B$848,0),0))>0,INDEX('4. Base Mestre (845 Produtos)'!$H$4:$H$848,IF(ISNUMBER(MATCH(A12,'4. Base Mestre (845 Produtos)'!$A$4:$A$848,0)),MATCH(A12,'4. Base Mestre (845 Produtos)'!$A$4:$A$848,0),IF(ISNUMBER(MATCH(B12,'4. Base Mestre (845 Produtos)'!$B$4:$B$848,0)),MATCH(B12,'4. Base Mestre (845 Produtos)'!$B$4:$B$848,0),0))),IF(ISNUMBER(MATCH(D12,'3. Dicionario Principios Ativos'!$A$4:$A$245,0)),INDEX('3. Dicionario Principios Ativos'!$A$4:$A$245,MATCH(D12,'3. Dicionario Principios Ativos'!$A$4:$A$245,0)),D12))) -> LAMBDA-CIALOTRINA 250 | P12: =IF(B12="","",IF(D12=O12,"CONFORME — Princípio Ativo Validado","DIVERGENTE — Substituir por: "&O12)) -> CONFORME — Princípio Ativo Validado | Q12: =IF(B12="","",IF(IF(IF(ISNUMBER(MATCH(A12,'4. Base Mestre (845 Produtos)'!$A$4:$A$848,0)),MATCH(A12,'4. Base Mestre (845 Produtos)'!$A$4:$A$848,0),IF(ISNUMBER(MATCH(B12,'4. Base Mestre (845 Produtos)'!$B$4:$B$848,0)),MATCH(B12,'4. Base Mestre (845 Produtos)'!$B$4:$B$848,0),0))>0,INDEX('4. Base Mestre (845 Produtos)'!$J$4:$J$848,IF(ISNUMBER(MATCH(A12,'4. Base Mestre (845 Produtos)'!$A$4:$A$848,0)),MATCH(A12,'4. Base Mestre (845 Produtos)'!$A$4:$A$848,0),IF(ISNUMBER(MATCH(B12,'4. Base Mestre (845 Produtos)'!$B$4:$B$848,0)),MATCH(B12,'4. Base Mestre (845 Produtos)'!$B$4:$B$848,0),0)))="SIM",IF(ISNUMBER(MATCH(D12,'3. Dicionario Principios Ativos'!$A$4:$A$245,0)),INDEX('3. Dicionario Principios Ativos'!$C$4:$C$245,MATCH(D12,'3. Dicionario Principios Ativos'!$A$4:$A$245,0))="SIM",FALSE())),IF(AND(K12>0,K12<=0.3001),"3808.61.00",IF(AND(K12>0.3001,K12<=7.5001),"3808.62.90","3808.69.90")),IF(AND(LEFT(IF(IF(ISNUMBER(MATCH(A12,'4. Base Mestre (845 Produtos)'!$A$4:$A$848,0)),MATCH(A12,'4. Base Mestre (845 Produtos)'!$A$4:$A$848,0),IF(ISNUMBER(MATCH(B12,'4. Base Mestre (845 Produtos)'!$B$4:$B$848,0)),MATCH(B12,'4. Base Mestre (845 Produtos)'!$B$4:$B$848,0),0))>0,INDEX('4. Base Mestre (845 Produtos)'!$L$4:$L$848,IF(ISNUMBER(MATCH(A12,'4. Base Mestre (845 Produtos)'!$A$4:$A$848,0)),MATCH(A12,'4. Base Mestre (845 Produtos)'!$A$4:$A$848,0),IF(ISNUMBER(MATCH(B12,'4. Base Mestre (845 Produtos)'!$B$4:$B$848,0)),MATCH(B12,'4. Base Mestre (845 Produtos)'!$B$4:$B$848,0),0))),IF(ISNUMBER(MATCH(D12,'3. Dicionario Principios Ativos'!$A$4:$A$245,0)),INDEX('3. Dicionario Principios Ativos'!$D$4:$D$245,MATCH(D12,'3. Dicionario Principios Ativos'!$A$4:$A$245,0)),E12)),2)="31",E12="3105.10.00",K12>0,K12<=10.0001),"3105.10.00",IF(AND(IF(IF(ISNUMBER(MATCH(A12,'4. Base Mestre (845 Produtos)'!$A$4:$A$848,0)),MATCH(A12,'4. Base Mestre (845 Produtos)'!$A$4:$A$848,0),IF(ISNUMBER(MATCH(B12,'4. Base Mestre (845 Produtos)'!$B$4:$B$848,0)),MATCH(B12,'4. Base Mestre (845 Produtos)'!$B$4:$B$848,0),0))>0,INDEX('4. Base Mestre (845 Produtos)'!$L$4:$L$848,IF(ISNUMBER(MATCH(A12,'4. Base Mestre (845 Produtos)'!$A$4:$A$848,0)),MATCH(A12,'4. Base Mestre (845 Produtos)'!$A$4:$A$848,0),IF(ISNUMBER(MATCH(B12,'4. Base Mestre (845 Produtos)'!$B$4:$B$848,0)),MATCH(B12,'4. Base Mestre (845 Produtos)'!$B$4:$B$848,0),0))),IF(ISNUMBER(MATCH(D12,'3. Dicionario Principios Ativos'!$A$4:$A$245,0)),INDEX('3. Dicionario Principios Ativos'!$D$4:$D$245,MATCH(D12,'3. Dicionario Principios Ativos'!$A$4:$A$245,0)),E12))="3105.10.00",K12>10.0001),"3105.90.90",IF(IF(ISNUMBER(MATCH(A12,'4. Base Mestre (845 Produtos)'!$A$4:$A$848,0)),MATCH(A12,'4. Base Mestre (845 Produtos)'!$A$4:$A$848,0),IF(ISNUMBER(MATCH(B12,'4. Base Mestre (845 Produtos)'!$B$4:$B$848,0)),MATCH(B12,'4. Base Mestre (845 Produtos)'!$B$4:$B$848,0),0))>0,INDEX('4. Base Mestre (845 Produtos)'!$L$4:$L$848,IF(ISNUMBER(MATCH(A12,'4. Base Mestre (845 Produtos)'!$A$4:$A$848,0)),MATCH(A12,'4. Base Mestre (845 Produtos)'!$A$4:$A$848,0),IF(ISNUMBER(MATCH(B12,'4. Base Mestre (845 Produtos)'!$B$4:$B$848,0)),MATCH(B12,'4. Base Mestre (845 Produtos)'!$B$4:$B$848,0),0))),IF(ISNUMBER(MATCH(D12,'3. Dicionario Principios Ativos'!$A$4:$A$245,0)),INDEX('3. Dicionario Principios Ativos'!$D$4:$D$245,MATCH(D12,'3. Dicionario Principios Ativos'!$A$4:$A$245,0)),E12)))))) -> 3808.69.90 | R12: =IF(B12="","",IF(OR(E12=Q12,AND(Q12="3002.49.99",E12="3002.90.00")),"CONFORME — NCM "&E12&" Correta na TIPI","DIVERGENTE — Substituir "&E12&" por "&Q12)) -> CONFORME — NCM 3808.69.90 Correta na TIPI | S12: =IF(B12="","",IF(AND(E12="3808.61.00",OR(K12>0.3001,K12=0)),"INCOMPATÍVEL — NCM 3808.61.00 exige emb. <= 0,3kg/L (Emb. atual: "&K12&" "&L12&" -> usar "&Q12&")",IF(AND(LEFT(E12,7)="3808.62",OR(K12<=0.3001,K12>7.5001)),"INCOMPATÍVEL — NCM 3808.62 exige emb. de 0,3 a 7,5kg/L (Emb. atual: "&K12&" "&L12&" -> usar "&Q12&")",IF(AND(LEFT(E12,7)="3808.69",K12>0,K12<=7.5001),"INCOMPATÍVEL — NCM 3808.69 exige emb. > 7,5kg/L (Emb. atual: "&K12&" "&L12&" -> usar "&Q12&")",IF(AND(LEFT(Q12,6)="3808.6",LEFT(E12,6)<>"3808.6"),"INCOMPATÍVEL — Molécula Nota Subpos. 2 c/ emb. "&K12&" "&L12&" exige NCM "&Q12,IF(AND(OR(E12="3808.91.19",E12="3808.92.19",E12="3808.93.19",E12="3808.99.19"),K12>=1),"INCOMPATÍVEL — Subitem .19 (Domissanitário) vedado p/ emb. agrícola de "&K12&" "&L12,IF(AND(E12="3105.10.00",K12>10.0001),"INCOMPATÍVEL — NCM 3105.10.00 exige peso bruto <= 10kg (Emb. atual: "&K12&" "&L12&" -> usar 3105.90.90)",IF(AND(LEFT(E12,2)="29",LEFT(Q12,4)="3808",K12>0),"INCOMPATÍVEL — Produto formulado em emb. comercial ("&K12&" "&L12&") vedado no Cap. 29 -> usar "&Q12,"CONFORME — Embalagem ("&K12&" "&L12&") compatível c/ a NCM")))))))) -> CONFORME — Embalagem (20 L) compatível c/ a NCM | T12: =IF(B12="","",IF(IF(ISNUMBER(MATCH(A12,'4. Base Mestre (845 Produtos)'!$A$4:$A$848,0)),MATCH(A12,'4. Base Mestre (845 Produtos)'!$A$4:$A$848,0),IF(ISNUMBER(MATCH(B12,'4. Base Mestre (845 Produtos)'!$B$4:$B$848,0)),MATCH(B12,'4. Base Mestre (845 Produtos)'!$B$4:$B$848,0),0))>0,INDEX('4. Base Mestre (845 Produtos)'!$P$4:$P$848,IF(ISNUMBER(MATCH(A12,'4. Base Mestre (845 Produtos)'!$A$4:$A$848,0)),MATCH(A12,'4. Base Mestre (845 Produtos)'!$A$4:$A$848,0),IF(ISNUMBER(MATCH(B12,'4. Base Mestre (845 Produtos)'!$B$4:$B$848,0)),MATCH(B12,'4. Base Mestre (845 Produtos)'!$B$4:$B$848,0),0))),IF(ISNUMBER(MATCH(D12,'3. Dicionario Principios Ativos'!$A$4:$A$245,0)),INDEX('3. Dicionario Principios Ativos'!$K$4:$K$245,MATCH(D12,'3. Dicionario Principios Ativos'!$A$4:$A$245,0)),"VERIFICAR BULA"))) -> 2020 | U12: =IF(B12="","",IF(ISNUMBER(SEARCH("ISENTO",T12)),IF(OR(F12=0,F12="0",F12="ISENTO",F12=""),"CONFORME (DISPENSADO) — Isento pelo Ato SDA/MAPA nº 104/2017","INCORRETO — Produto isento de registro MAPA (usar 0 ou ISENTO)"),IF(ISNUMBER(SEARCH("SIPEAGRO",T12)),IF(ISNUMBER(SEARCH("-",F12)),"CONFORME — Registro SIPEAGRO ("&F12&") Preenchido","ADEQUAR P/ SIPEAGRO — Substituir 0 pelo Registro (UF-XXXXX-XXXXX.X)"),IF(ISNUMBER(SEARCH("VINCULAR",T12)),IF(AND(F12<>0,F12<>"0",F12<>""),"INCORRETO / TROCADO — Código "&F12&" pertence a outro produto (Vincular bula da marca)","VINCULAR MARCA — Cadastro de P.A. s/ marca fixa (Vincular registro na NF-e)"),IF(OR(F12=0,F12="0",F12=""),"AUSENTE (ZERO) — Preencher Registro Oficial MAPA nº "&T12,IF(TEXT(F12,"0")=TEXT(T12,"0"),"CONFORME — Registro MAPA nº "&T12&" Validado na Bula","INCORRETO / TROCADO — Substituir "&F12&" pelo Registro Oficial nº "&T12)))))) -> CONFORME — Registro MAPA nº 2020 Validado na Bula | V12: =IF(B12="","",IF(IF(ISNUMBER(MATCH(A12,'4. Base Mestre (845 Produtos)'!$A$4:$A$848,0)),MATCH(A12,'4. Base Mestre (845 Produtos)'!$A$4:$A$848,0),IF(ISNUMBER(MATCH(B12,'4. Base Mestre (845 Produtos)'!$B$4:$B$848,0)),MATCH(B12,'4. Base Mestre (845 Produtos)'!$B$4:$B$848,0),0))>0,INDEX('4. Base Mestre (845 Produtos)'!$S$4:$S$848,IF(ISNUMBER(MATCH(A12,'4. Base Mestre (845 Produtos)'!$A$4:$A$848,0)),MATCH(A12,'4. Base Mestre (845 Produtos)'!$A$4:$A$848,0),IF(ISNUMBER(MATCH(B12,'4. Base Mestre (845 Produtos)'!$B$4:$B$848,0)),MATCH(B12,'4. Base Mestre (845 Produtos)'!$B$4:$B$848,0),0))),IF(ISNUMBER(MATCH(D12,'3. Dicionario Principios Ativos'!$A$4:$A$245,0)),INDEX('3. Dicionario Principios Ativos'!$L$4:$L$245,MATCH(D12,'3. Dicionario Principios Ativos'!$A$4:$A$245,0)),"Verificar NCM"))) -> Beneficiado (Lei 10.925/04): 0% até Mar/26 | 0,925% Real / 0,365% Pres. pós-Abr/26 (LC 224/25) | W12: =IF(B12="","",IF(IF(ISNUMBER(MATCH(A12,'4. Base Mestre (845 Produtos)'!$A$4:$A$848,0)),MATCH(A12,'4. Base Mestre (845 Produtos)'!$A$4:$A$848,0),IF(ISNUMBER(MATCH(B12,'4. Base Mestre (845 Produtos)'!$B$4:$B$848,0)),MATCH(B12,'4. Base Mestre (845 Produtos)'!$B$4:$B$848,0),0))>0,INDEX('4. Base Mestre (845 Produtos)'!$T$4:$T$848,IF(ISNUMBER(MATCH(A12,'4. Base Mestre (845 Produtos)'!$A$4:$A$848,0)),MATCH(A12,'4. Base Mestre (845 Produtos)'!$A$4:$A$848,0),IF(ISNUMBER(MATCH(B12,'4. Base Mestre (845 Produtos)'!$B$4:$B$848,0)),MATCH(B12,'4. Base Mestre (845 Produtos)'!$B$4:$B$848,0),0))),IF(ISNUMBER(MATCH(D12,'3. Dicionario Principios Ativos'!$A$4:$A$245,0)),INDEX('3. Dicionario Principios Ativos'!$M$4:$M$245,MATCH(D12,'3. Dicionario Principios Ativos'!$A$4:$A$245,0)),"Verificar CST"))) -> Saída: CST 06 (c/ Ajuste M220/M620 pós-Abr/26) | Entrada Revenda: CST 73 | X12: =IF(B12="","",IF(AND(LEFT(M12,8)="CONFORME",LEFT(P12,8)="CONFORME",LEFT(R12,8)="CONFORME",LEFT(S12,8)="CONFORME",LEFT(U12,8)="CONFORME"),"CADASTRO 100% CONFORME — LIBERADO P/ ERP",IF(AND(LEFT(M12,8)="CONFORME",LEFT(P12,8)="CONFORME",LEFT(R12,8)="CONFORME",LEFT(S12,8)="CONFORME",OR(LEFT(U12,7)="ADEQUAR",LEFT(U12,8)="VINCULAR")),"FISCAL E EMBALAGEM OK — ADEQUAR CAMPO MAPA (SIPEAGRO / MARCA)","BLOQUEADO — CORRIGIR DIVERGÊNCIAS APONTADAS ANTES DE LIBERAR NO ERP"))) -> CADASTRO 100% CONFORME — LIBERADO P/ ERP
A13: 276 | B13: AGCN MOLIBIDENIO 4X5L | C13: L | D13: MO 14% | E13: 3105.10.00 | F13: MT-00412-10008.1 | H13: Cenário 05 [OK]: Fertilizante em galão 5L (<=10kg bruto) na NCM 3105.10.00 + SIPEAGRO | I13: =IF(B13="","",IF(ISNUMBER(MATCH(A13,'4. Base Mestre (845 Produtos)'!$A$4:$A$848,0)),"Localizado por Código ("&A13&") na Base Mestre",IF(ISNUMBER(MATCH(B13,'4. Base Mestre (845 Produtos)'!$B$4:$B$848,0)),"Localizado por Descrição na Base Mestre",IF(ISNUMBER(MATCH(D13,'3. Dicionario Principios Ativos'!$A$4:$A$245,0)),"Produto Novo — Validado pelo Dicionário de P.A.","Não Localizado — Revisar Código/P.A.")))) -> Localizado por Código (276) na Base Mestre | J13: =IF(B13="","",IF(IF(ISNUMBER(MATCH(A13,'4. Base Mestre (845 Produtos)'!$A$4:$A$848,0)),MATCH(A13,'4. Base Mestre (845 Produtos)'!$A$4:$A$848,0),IF(ISNUMBER(MATCH(B13,'4. Base Mestre (845 Produtos)'!$B$4:$B$848,0)),MATCH(B13,'4. Base Mestre (845 Produtos)'!$B$4:$B$848,0),0))>0,INDEX('4. Base Mestre (845 Produtos)'!$I$4:$I$848,IF(ISNUMBER(MATCH(A13,'4. Base Mestre (845 Produtos)'!$A$4:$A$848,0)),MATCH(A13,'4. Base Mestre (845 Produtos)'!$A$4:$A$848,0),IF(ISNUMBER(MATCH(B13,'4. Base Mestre (845 Produtos)'!$B$4:$B$848,0)),MATCH(B13,'4. Base Mestre (845 Produtos)'!$B$4:$B$848,0),0))),IF(ISNUMBER(MATCH(D13,'3. Dicionario Principios Ativos'!$A$4:$A$245,0)),INDEX('3. Dicionario Principios Ativos'!$B$4:$B$245,MATCH(D13,'3. Dicionario Principios Ativos'!$A$4:$A$245,0)),"Revisar Classificação"))) -> Fertilizantes — Fertilizante Foliar / Micronutrientes | K13: =IF(B13="","",IF(G13<>"",G13,IF(OR(ISNUMBER(SEARCH("PRINCIPIO ATIVO",B13)),ISNUMBER(SEARCH("PRINC. ATIVO",B13)),ISNUMBER(SEARCH("PR. ATIVO",B13)),ISNUMBER(SEARCH("PR.AT.",B13)),ISNUMBER(SEARCH("(P.A",B13)),ISNUMBER(SEARCH("(P. A",B13))),0,IF(OR(ISNUMBER(SEARCH("0,100KG",B13)),ISNUMBER(SEARCH("0,1KG",B13)),ISNUMBER(SEARCH("0,100L",B13))),0.1,IF(OR(ISNUMBER(SEARCH("0,200L",B13)),ISNUMBER(SEARCH("0,2L",B13)),ISNUMBER(SEARCH("0,200KG",B13)),ISNUMBER(SEARCH("0,2KG",B13))),0.2,IF(OR(ISNUMBER(SEARCH("0,240KG",B13)),ISNUMBER(SEARCH("0,250L",B13))),0.24,IF(OR(ISNUMBER(SEARCH("0,300KG",B13)),ISNUMBER(SEARCH("0,3KG",B13))),0.3,IF(OR(ISNUMBER(SEARCH("0,500L",B13)),ISNUMBER(SEARCH("0,5L",B13)),ISNUMBER(SEARCH("0,5KG",B13))),0.5,IF(ISNUMBER(SEARCH("0,8KG",B13)),0.8,IF(OR(ISNUMBER(SEARCH("1,5L",B13)),ISNUMBER(SEARCH("1,5KG",B13))),1.5,IF(OR(ISNUMBER(SEARCH("1,75L",B13)),ISNUMBER(SEARCH("1,8L",B13)),ISNUMBER(SEARCH("1.8L",B13))),1.8,IF(ISNUMBER(SEARCH("4,5KG",B13)),4.5,IF(ISNUMBER(SEARCH("7,5KG",B13)),7.5,IF(OR(ISNUMBER(SEARCH("1000L",B13)),ISNUMBER(SEARCH("1000KG",B13)),ISNUMBER(SEARCH("1.000KG",B13)),ISNUMBER(SEARCH("1.000L",B13)),ISNUMBER(SEARCH("1000 KG",B13)),ISNUMBER(SEARCH("GRANEL",B13)),ISNUMBER(SEARCH("(TON)",B13))),1000,IF(ISNUMBER(SEARCH("200L",B13)),200,IF(OR(ISNUMBER(SEARCH("25KG",B13)),ISNUMBER(SEARCH("25L",B13))),25,IF(OR(ISNUMBER(SEARCH("20L",B13)),ISNUMBER(SEARCH("20KG",B13))),20,IF(ISNUMBER(SEARCH("15KG",B13)),15,IF(OR(ISNUMBER(SEARCH("10L",B13)),ISNUMBER(SEARCH("10KG",B13))),10,IF(OR(ISNUMBER(SEARCH("5L",B13)),ISNUMBER(SEARCH("5KG",B13)),ISNUMBER(SEARCH("5LT",B13))),5,IF(OR(ISNUMBER(SEARCH("3KG",B13)),ISNUMBER(SEARCH("3L",B13))),3,IF(OR(ISNUMBER(SEARCH("2L",B13)),ISNUMBER(SEARCH("2KG",B13))),2,IF(OR(ISNUMBER(SEARCH("1L",B13)),ISNUMBER(SEARCH("1KG",B13)),ISNUMBER(SEARCH("1LT",B13))),1,IF(IF(ISNUMBER(MATCH(A13,'4. Base Mestre (845 Produtos)'!$A$4:$A$848,0)),MATCH(A13,'4. Base Mestre (845 Produtos)'!$A$4:$A$848,0),IF(ISNUMBER(MATCH(B13,'4. Base Mestre (845 Produtos)'!$B$4:$B$848,0)),MATCH(B13,'4. Base Mestre (845 Produtos)'!$B$4:$B$848,0),0))>0,INDEX('4. Base Mestre (845 Produtos)'!$D$4:$D$848,IF(ISNUMBER(MATCH(A13,'4. Base Mestre (845 Produtos)'!$A$4:$A$848,0)),MATCH(A13,'4. Base Mestre (845 Produtos)'!$A$4:$A$848,0),IF(ISNUMBER(MATCH(B13,'4. Base Mestre (845 Produtos)'!$B$4:$B$848,0)),MATCH(B13,'4. Base Mestre (845 Produtos)'!$B$4:$B$848,0),0))),1)))))))))))))))))))))))) -> 5 | L13: =IF(B13="","",IF(OR(ISNUMBER(SEARCH("KG",B13)),ISNUMBER(SEARCH("GR",B13))),"KG",IF(OR(ISNUMBER(SEARCH("0,200L",B13)),ISNUMBER(SEARCH("0,2L",B13)),ISNUMBER(SEARCH("0,5L",B13)),ISNUMBER(SEARCH("1,5L",B13)),ISNUMBER(SEARCH("1,8L",B13)),ISNUMBER(SEARCH("1.8L",B13)),ISNUMBER(SEARCH("1L",B13)),ISNUMBER(SEARCH("2L",B13)),ISNUMBER(SEARCH("3L",B13)),ISNUMBER(SEARCH("5L",B13)),ISNUMBER(SEARCH("10L",B13)),ISNUMBER(SEARCH("20L",B13)),ISNUMBER(SEARCH("25L",B13)),ISNUMBER(SEARCH("200L",B13)),ISNUMBER(SEARCH("1000L",B13)),ISNUMBER(SEARCH("LT",B13))),"L",IF(IF(ISNUMBER(MATCH(A13,'4. Base Mestre (845 Produtos)'!$A$4:$A$848,0)),MATCH(A13,'4. Base Mestre (845 Produtos)'!$A$4:$A$848,0),IF(ISNUMBER(MATCH(B13,'4. Base Mestre (845 Produtos)'!$B$4:$B$848,0)),MATCH(B13,'4. Base Mestre (845 Produtos)'!$B$4:$B$848,0),0))>0,INDEX('4. Base Mestre (845 Produtos)'!$E$4:$E$848,IF(ISNUMBER(MATCH(A13,'4. Base Mestre (845 Produtos)'!$A$4:$A$848,0)),MATCH(A13,'4. Base Mestre (845 Produtos)'!$A$4:$A$848,0),IF(ISNUMBER(MATCH(B13,'4. Base Mestre (845 Produtos)'!$B$4:$B$848,0)),MATCH(B13,'4. Base Mestre (845 Produtos)'!$B$4:$B$848,0),0))),C13)))) -> L | M13: =IF(B13="","",IF(C13=L13,"CONFORME — Unidade ("&C13&") compatível c/ Embalagem","DIVERGENTE — Embalagem em "&L13&", mas cadastrado em "&C13)) -> CONFORME — Unidade (L) compatível c/ Embalagem | N13: =IF(B13="","",IF(K13=0,"Granel / Produto Técnico (Sem Embalagem Comercial)",IF(K13<=0.3001,"Faixa 1 TIPI: Até 300g/mL (3808.61.00 / 3105.10.00)",IF(K13<=7.5001,"Faixa 2 TIPI: De 300g a 7,5kg/L (3808.62.90 / 3105.10.00)",IF(K13<=10.0001,"Faixa 3 TIPI: De 7,5kg a 10kg/L (3808.69.90 / 3105.10.00)","Faixa 4 TIPI: Acima de 10kg/L (3808.69.90 / Cap. 31 Geral)"))))) -> Faixa 2 TIPI: De 300g a 7,5kg/L (3808.62.90 / 3105.10.00) | O13: =IF(B13="","",IF(IF(ISNUMBER(MATCH(A13,'4. Base Mestre (845 Produtos)'!$A$4:$A$848,0)),MATCH(A13,'4. Base Mestre (845 Produtos)'!$A$4:$A$848,0),IF(ISNUMBER(MATCH(B13,'4. Base Mestre (845 Produtos)'!$B$4:$B$848,0)),MATCH(B13,'4. Base Mestre (845 Produtos)'!$B$4:$B$848,0),0))>0,INDEX('4. Base Mestre (845 Produtos)'!$H$4:$H$848,IF(ISNUMBER(MATCH(A13,'4. Base Mestre (845 Produtos)'!$A$4:$A$848,0)),MATCH(A13,'4. Base Mestre (845 Produtos)'!$A$4:$A$848,0),IF(ISNUMBER(MATCH(B13,'4. Base Mestre (845 Produtos)'!$B$4:$B$848,0)),MATCH(B13,'4. Base Mestre (845 Produtos)'!$B$4:$B$848,0),0))),IF(ISNUMBER(MATCH(D13,'3. Dicionario Principios Ativos'!$A$4:$A$245,0)),INDEX('3. Dicionario Principios Ativos'!$A$4:$A$245,MATCH(D13,'3. Dicionario Principios Ativos'!$A$4:$A$245,0)),D13))) -> MO 14% | P13: =IF(B13="","",IF(D13=O13,"CONFORME — Princípio Ativo Validado","DIVERGENTE — Substituir por: "&O13)) -> CONFORME — Princípio Ativo Validado | Q13: =IF(B13="","",IF(IF(IF(ISNUMBER(MATCH(A13,'4. Base Mestre (845 Produtos)'!$A$4:$A$848,0)),MATCH(A13,'4. Base Mestre (845 Produtos)'!$A$4:$A$848,0),IF(ISNUMBER(MATCH(B13,'4. Base Mestre (845 Produtos)'!$B$4:$B$848,0)),MATCH(B13,'4. Base Mestre (845 Produtos)'!$B$4:$B$848,0),0))>0,INDEX('4. Base Mestre (845 Produtos)'!$J$4:$J$848,IF(ISNUMBER(MATCH(A13,'4. Base Mestre (845 Produtos)'!$A$4:$A$848,0)),MATCH(A13,'4. Base Mestre (845 Produtos)'!$A$4:$A$848,0),IF(ISNUMBER(MATCH(B13,'4. Base Mestre (845 Produtos)'!$B$4:$B$848,0)),MATCH(B13,'4. Base Mestre (845 Produtos)'!$B$4:$B$848,0),0)))="SIM",IF(ISNUMBER(MATCH(D13,'3. Dicionario Principios Ativos'!$A$4:$A$245,0)),INDEX('3. Dicionario Principios Ativos'!$C$4:$C$245,MATCH(D13,'3. Dicionario Principios Ativos'!$A$4:$A$245,0))="SIM",FALSE())),IF(AND(K13>0,K13<=0.3001),"3808.61.00",IF(AND(K13>0.3001,K13<=7.5001),"3808.62.90","3808.69.90")),IF(AND(LEFT(IF(IF(ISNUMBER(MATCH(A13,'4. Base Mestre (845 Produtos)'!$A$4:$A$848,0)),MATCH(A13,'4. Base Mestre (845 Produtos)'!$A$4:$A$848,0),IF(ISNUMBER(MATCH(B13,'4. Base Mestre (845 Produtos)'!$B$4:$B$848,0)),MATCH(B13,'4. Base Mestre (845 Produtos)'!$B$4:$B$848,0),0))>0,INDEX('4. Base Mestre (845 Produtos)'!$L$4:$L$848,IF(ISNUMBER(MATCH(A13,'4. Base Mestre (845 Produtos)'!$A$4:$A$848,0)),MATCH(A13,'4. Base Mestre (845 Produtos)'!$A$4:$A$848,0),IF(ISNUMBER(MATCH(B13,'4. Base Mestre (845 Produtos)'!$B$4:$B$848,0)),MATCH(B13,'4. Base Mestre (845 Produtos)'!$B$4:$B$848,0),0))),IF(ISNUMBER(MATCH(D13,'3. Dicionario Principios Ativos'!$A$4:$A$245,0)),INDEX('3. Dicionario Principios Ativos'!$D$4:$D$245,MATCH(D13,'3. Dicionario Principios Ativos'!$A$4:$A$245,0)),E13)),2)="31",E13="3105.10.00",K13>0,K13<=10.0001),"3105.10.00",IF(AND(IF(IF(ISNUMBER(MATCH(A13,'4. Base Mestre (845 Produtos)'!$A$4:$A$848,0)),MATCH(A13,'4. Base Mestre (845 Produtos)'!$A$4:$A$848,0),IF(ISNUMBER(MATCH(B13,'4. Base Mestre (845 Produtos)'!$B$4:$B$848,0)),MATCH(B13,'4. Base Mestre (845 Produtos)'!$B$4:$B$848,0),0))>0,INDEX('4. Base Mestre (845 Produtos)'!$L$4:$L$848,IF(ISNUMBER(MATCH(A13,'4. Base Mestre (845 Produtos)'!$A$4:$A$848,0)),MATCH(A13,'4. Base Mestre (845 Produtos)'!$A$4:$A$848,0),IF(ISNUMBER(MATCH(B13,'4. Base Mestre (845 Produtos)'!$B$4:$B$848,0)),MATCH(B13,'4. Base Mestre (845 Produtos)'!$B$4:$B$848,0),0))),IF(ISNUMBER(MATCH(D13,'3. Dicionario Principios Ativos'!$A$4:$A$245,0)),INDEX('3. Dicionario Principios Ativos'!$D$4:$D$245,MATCH(D13,'3. Dicionario Principios Ativos'!$A$4:$A$245,0)),E13))="3105.10.00",K13>10.0001),"3105.90.90",IF(IF(ISNUMBER(MATCH(A13,'4. Base Mestre (845 Produtos)'!$A$4:$A$848,0)),MATCH(A13,'4. Base Mestre (845 Produtos)'!$A$4:$A$848,0),IF(ISNUMBER(MATCH(B13,'4. Base Mestre (845 Produtos)'!$B$4:$B$848,0)),MATCH(B13,'4. Base Mestre (845 Produtos)'!$B$4:$B$848,0),0))>0,INDEX('4. Base Mestre (845 Produtos)'!$L$4:$L$848,IF(ISNUMBER(MATCH(A13,'4. Base Mestre (845 Produtos)'!$A$4:$A$848,0)),MATCH(A13,'4. Base Mestre (845 Produtos)'!$A$4:$A$848,0),IF(ISNUMBER(MATCH(B13,'4. Base Mestre (845 Produtos)'!$B$4:$B$848,0)),MATCH(B13,'4. Base Mestre (845 Produtos)'!$B$4:$B$848,0),0))),IF(ISNUMBER(MATCH(D13,'3. Dicionario Principios Ativos'!$A$4:$A$245,0)),INDEX('3. Dicionario Principios Ativos'!$D$4:$D$245,MATCH(D13,'3. Dicionario Principios Ativos'!$A$4:$A$245,0)),E13)))))) -> 3105.10.00 | R13: =IF(B13="","",IF(OR(E13=Q13,AND(Q13="3002.49.99",E13="3002.90.00")),"CONFORME — NCM "&E13&" Correta na TIPI","DIVERGENTE — Substituir "&E13&" por "&Q13)) -> CONFORME — NCM 3105.10.00 Correta na TIPI | S13: =IF(B13="","",IF(AND(E13="3808.61.00",OR(K13>0.3001,K13=0)),"INCOMPATÍVEL — NCM 3808.61.00 exige emb. <= 0,3kg/L (Emb. atual: "&K13&" "&L13&" -> usar "&Q13&")",IF(AND(LEFT(E13,7)="3808.62",OR(K13<=0.3001,K13>7.5001)),"INCOMPATÍVEL — NCM 3808.62 exige emb. de 0,3 a 7,5kg/L (Emb. atual: "&K13&" "&L13&" -> usar "&Q13&")",IF(AND(LEFT(E13,7)="3808.69",K13>0,K13<=7.5001),"INCOMPATÍVEL — NCM 3808.69 exige emb. > 7,5kg/L (Emb. atual: "&K13&" "&L13&" -> usar "&Q13&")",IF(AND(LEFT(Q13,6)="3808.6",LEFT(E13,6)<>"3808.6"),"INCOMPATÍVEL — Molécula Nota Subpos. 2 c/ emb. "&K13&" "&L13&" exige NCM "&Q13,IF(AND(OR(E13="3808.91.19",E13="3808.92.19",E13="3808.93.19",E13="3808.99.19"),K13>=1),"INCOMPATÍVEL — Subitem .19 (Domissanitário) vedado p/ emb. agrícola de "&K13&" "&L13,IF(AND(E13="3105.10.00",K13>10.0001),"INCOMPATÍVEL — NCM 3105.10.00 exige peso bruto <= 10kg (Emb. atual: "&K13&" "&L13&" -> usar 3105.90.90)",IF(AND(LEFT(E13,2)="29",LEFT(Q13,4)="3808",K13>0),"INCOMPATÍVEL — Produto formulado em emb. comercial ("&K13&" "&L13&") vedado no Cap. 29 -> usar "&Q13,"CONFORME — Embalagem ("&K13&" "&L13&") compatível c/ a NCM")))))))) -> CONFORME — Embalagem (5 L) compatível c/ a NCM | T13: =IF(B13="","",IF(IF(ISNUMBER(MATCH(A13,'4. Base Mestre (845 Produtos)'!$A$4:$A$848,0)),MATCH(A13,'4. Base Mestre (845 Produtos)'!$A$4:$A$848,0),IF(ISNUMBER(MATCH(B13,'4. Base Mestre (845 Produtos)'!$B$4:$B$848,0)),MATCH(B13,'4. Base Mestre (845 Produtos)'!$B$4:$B$848,0),0))>0,INDEX('4. Base Mestre (845 Produtos)'!$P$4:$P$848,IF(ISNUMBER(MATCH(A13,'4. Base Mestre (845 Produtos)'!$A$4:$A$848,0)),MATCH(A13,'4. Base Mestre (845 Produtos)'!$A$4:$A$848,0),IF(ISNUMBER(MATCH(B13,'4. Base Mestre (845 Produtos)'!$B$4:$B$848,0)),MATCH(B13,'4. Base Mestre (845 Produtos)'!$B$4:$B$848,0),0))),IF(ISNUMBER(MATCH(D13,'3. Dicionario Principios Ativos'!$A$4:$A$245,0)),INDEX('3. Dicionario Principios Ativos'!$K$4:$K$245,MATCH(D13,'3. Dicionario Principios Ativos'!$A$4:$A$245,0)),"VERIFICAR BULA"))) -> SIPEAGRO (UF-XXXXX) | U13: =IF(B13="","",IF(ISNUMBER(SEARCH("ISENTO",T13)),IF(OR(F13=0,F13="0",F13="ISENTO",F13=""),"CONFORME (DISPENSADO) — Isento pelo Ato SDA/MAPA nº 104/2017","INCORRETO — Produto isento de registro MAPA (usar 0 ou ISENTO)"),IF(ISNUMBER(SEARCH("SIPEAGRO",T13)),IF(ISNUMBER(SEARCH("-",F13)),"CONFORME — Registro SIPEAGRO ("&F13&") Preenchido","ADEQUAR P/ SIPEAGRO — Substituir 0 pelo Registro (UF-XXXXX-XXXXX.X)"),IF(ISNUMBER(SEARCH("VINCULAR",T13)),IF(AND(F13<>0,F13<>"0",F13<>""),"INCORRETO / TROCADO — Código "&F13&" pertence a outro produto (Vincular bula da marca)","VINCULAR MARCA — Cadastro de P.A. s/ marca fixa (Vincular registro na NF-e)"),IF(OR(F13=0,F13="0",F13=""),"AUSENTE (ZERO) — Preencher Registro Oficial MAPA nº "&T13,IF(TEXT(F13,"0")=TEXT(T13,"0"),"CONFORME — Registro MAPA nº "&T13&" Validado na Bula","INCORRETO / TROCADO — Substituir "&F13&" pelo Registro Oficial nº "&T13)))))) -> CONFORME — Registro SIPEAGRO (MT-00412-10008.1) Preenchido | V13: =IF(B13="","",IF(IF(ISNUMBER(MATCH(A13,'4. Base Mestre (845 Produtos)'!$A$4:$A$848,0)),MATCH(A13,'4. Base Mestre (845 Produtos)'!$A$4:$A$848,0),IF(ISNUMBER(MATCH(B13,'4. Base Mestre (845 Produtos)'!$B$4:$B$848,0)),MATCH(B13,'4. Base Mestre (845 Produtos)'!$B$4:$B$848,0),0))>0,INDEX('4. Base Mestre (845 Produtos)'!$S$4:$S$848,IF(ISNUMBER(MATCH(A13,'4. Base Mestre (845 Produtos)'!$A$4:$A$848,0)),MATCH(A13,'4. Base Mestre (845 Produtos)'!$A$4:$A$848,0),IF(ISNUMBER(MATCH(B13,'4. Base Mestre (845 Produtos)'!$B$4:$B$848,0)),MATCH(B13,'4. Base Mestre (845 Produtos)'!$B$4:$B$848,0),0))),IF(ISNUMBER(MATCH(D13,'3. Dicionario Principios Ativos'!$A$4:$A$245,0)),INDEX('3. Dicionario Principios Ativos'!$L$4:$L$245,MATCH(D13,'3. Dicionario Principios Ativos'!$A$4:$A$245,0)),"Verificar NCM"))) -> Beneficiado (Lei 10.925/04): 0% até Mar/26 | 0,925% Real / 0,365% Pres. pós-Abr/26 (LC 224/25) | W13: =IF(B13="","",IF(IF(ISNUMBER(MATCH(A13,'4. Base Mestre (845 Produtos)'!$A$4:$A$848,0)),MATCH(A13,'4. Base Mestre (845 Produtos)'!$A$4:$A$848,0),IF(ISNUMBER(MATCH(B13,'4. Base Mestre (845 Produtos)'!$B$4:$B$848,0)),MATCH(B13,'4. Base Mestre (845 Produtos)'!$B$4:$B$848,0),0))>0,INDEX('4. Base Mestre (845 Produtos)'!$T$4:$T$848,IF(ISNUMBER(MATCH(A13,'4. Base Mestre (845 Produtos)'!$A$4:$A$848,0)),MATCH(A13,'4. Base Mestre (845 Produtos)'!$A$4:$A$848,0),IF(ISNUMBER(MATCH(B13,'4. Base Mestre (845 Produtos)'!$B$4:$B$848,0)),MATCH(B13,'4. Base Mestre (845 Produtos)'!$B$4:$B$848,0),0))),IF(ISNUMBER(MATCH(D13,'3. Dicionario Principios Ativos'!$A$4:$A$245,0)),INDEX('3. Dicionario Principios Ativos'!$M$4:$M$245,MATCH(D13,'3. Dicionario Principios Ativos'!$A$4:$A$245,0)),"Verificar CST"))) -> Saída: CST 06 (c/ Ajuste M220/M620 pós-Abr/26) | Entrada Revenda: CST 73 | X13: =IF(B13="","",IF(AND(LEFT(M13,8)="CONFORME",LEFT(P13,8)="CONFORME",LEFT(R13,8)="CONFORME",LEFT(S13,8)="CONFORME",LEFT(U13,8)="CONFORME"),"CADASTRO 100% CONFORME — LIBERADO P/ ERP",IF(AND(LEFT(M13,8)="CONFORME",LEFT(P13,8)="CONFORME",LEFT(R13,8)="CONFORME",LEFT(S13,8)="CONFORME",OR(LEFT(U13,7)="ADEQUAR",LEFT(U13,8)="VINCULAR")),"FISCAL E EMBALAGEM OK — ADEQUAR CAMPO MAPA (SIPEAGRO / MARCA)","BLOQUEADO — CORRIGIR DIVERGÊNCIAS APONTADAS ANTES DE LIBERAR NO ERP"))) -> CADASTRO 100% CONFORME — LIBERADO P/ ERP
A14: 227 | B14: AGCN SILWET AG 4X5L | C14: L | D14: ADJUVANTE | E14: 3402.42.00 | F14: 0 | H14: Cenário 06 [OK]: Adjuvante surfactante na NCM 3402.42.00 e Isento MAPA (Ato 104/2017) | I14: =IF(B14="","",IF(ISNUMBER(MATCH(A14,'4. Base Mestre (845 Produtos)'!$A$4:$A$848,0)),"Localizado por Código ("&A14&") na Base Mestre",IF(ISNUMBER(MATCH(B14,'4. Base Mestre (845 Produtos)'!$B$4:$B$848,0)),"Localizado por Descrição na Base Mestre",IF(ISNUMBER(MATCH(D14,'3. Dicionario Principios Ativos'!$A$4:$A$245,0)),"Produto Novo — Validado pelo Dicionário de P.A.","Não Localizado — Revisar Código/P.A.")))) -> Localizado por Código (227) na Base Mestre | J14: =IF(B14="","",IF(IF(ISNUMBER(MATCH(A14,'4. Base Mestre (845 Produtos)'!$A$4:$A$848,0)),MATCH(A14,'4. Base Mestre (845 Produtos)'!$A$4:$A$848,0),IF(ISNUMBER(MATCH(B14,'4. Base Mestre (845 Produtos)'!$B$4:$B$848,0)),MATCH(B14,'4. Base Mestre (845 Produtos)'!$B$4:$B$848,0),0))>0,INDEX('4. Base Mestre (845 Produtos)'!$I$4:$I$848,IF(ISNUMBER(MATCH(A14,'4. Base Mestre (845 Produtos)'!$A$4:$A$848,0)),MATCH(A14,'4. Base Mestre (845 Produtos)'!$A$4:$A$848,0),IF(ISNUMBER(MATCH(B14,'4. Base Mestre (845 Produtos)'!$B$4:$B$848,0)),MATCH(B14,'4. Base Mestre (845 Produtos)'!$B$4:$B$848,0),0))),IF(ISNUMBER(MATCH(D14,'3. Dicionario Principios Ativos'!$A$4:$A$245,0)),INDEX('3. Dicionario Principios Ativos'!$B$4:$B$245,MATCH(D14,'3. Dicionario Principios Ativos'!$A$4:$A$245,0)),"Revisar Classificação"))) -> Adjuvantes — Adjuvante Espalhante / Surfactante / Redutor de pH e Deriva | K14: =IF(B14="","",IF(G14<>"",G14,IF(OR(ISNUMBER(SEARCH("PRINCIPIO ATIVO",B14)),ISNUMBER(SEARCH("PRINC. ATIVO",B14)),ISNUMBER(SEARCH("PR. ATIVO",B14)),ISNUMBER(SEARCH("PR.AT.",B14)),ISNUMBER(SEARCH("(P.A",B14)),ISNUMBER(SEARCH("(P. A",B14))),0,IF(OR(ISNUMBER(SEARCH("0,100KG",B14)),ISNUMBER(SEARCH("0,1KG",B14)),ISNUMBER(SEARCH("0,100L",B14))),0.1,IF(OR(ISNUMBER(SEARCH("0,200L",B14)),ISNUMBER(SEARCH("0,2L",B14)),ISNUMBER(SEARCH("0,200KG",B14)),ISNUMBER(SEARCH("0,2KG",B14))),0.2,IF(OR(ISNUMBER(SEARCH("0,240KG",B14)),ISNUMBER(SEARCH("0,250L",B14))),0.24,IF(OR(ISNUMBER(SEARCH("0,300KG",B14)),ISNUMBER(SEARCH("0,3KG",B14))),0.3,IF(OR(ISNUMBER(SEARCH("0,500L",B14)),ISNUMBER(SEARCH("0,5L",B14)),ISNUMBER(SEARCH("0,5KG",B14))),0.5,IF(ISNUMBER(SEARCH("0,8KG",B14)),0.8,IF(OR(ISNUMBER(SEARCH("1,5L",B14)),ISNUMBER(SEARCH("1,5KG",B14))),1.5,IF(OR(ISNUMBER(SEARCH("1,75L",B14)),ISNUMBER(SEARCH("1,8L",B14)),ISNUMBER(SEARCH("1.8L",B14))),1.8,IF(ISNUMBER(SEARCH("4,5KG",B14)),4.5,IF(ISNUMBER(SEARCH("7,5KG",B14)),7.5,IF(OR(ISNUMBER(SEARCH("1000L",B14)),ISNUMBER(SEARCH("1000KG",B14)),ISNUMBER(SEARCH("1.000KG",B14)),ISNUMBER(SEARCH("1.000L",B14)),ISNUMBER(SEARCH("1000 KG",B14)),ISNUMBER(SEARCH("GRANEL",B14)),ISNUMBER(SEARCH("(TON)",B14))),1000,IF(ISNUMBER(SEARCH("200L",B14)),200,IF(OR(ISNUMBER(SEARCH("25KG",B14)),ISNUMBER(SEARCH("25L",B14))),25,IF(OR(ISNUMBER(SEARCH("20L",B14)),ISNUMBER(SEARCH("20KG",B14))),20,IF(ISNUMBER(SEARCH("15KG",B14)),15,IF(OR(ISNUMBER(SEARCH("10L",B14)),ISNUMBER(SEARCH("10KG",B14))),10,IF(OR(ISNUMBER(SEARCH("5L",B14)),ISNUMBER(SEARCH("5KG",B14)),ISNUMBER(SEARCH("5LT",B14))),5,IF(OR(ISNUMBER(SEARCH("3KG",B14)),ISNUMBER(SEARCH("3L",B14))),3,IF(OR(ISNUMBER(SEARCH("2L",B14)),ISNUMBER(SEARCH("2KG",B14))),2,IF(OR(ISNUMBER(SEARCH("1L",B14)),ISNUMBER(SEARCH("1KG",B14)),ISNUMBER(SEARCH("1LT",B14))),1,IF(IF(ISNUMBER(MATCH(A14,'4. Base Mestre (845 Produtos)'!$A$4:$A$848,0)),MATCH(A14,'4. Base Mestre (845 Produtos)'!$A$4:$A$848,0),IF(ISNUMBER(MATCH(B14,'4. Base Mestre (845 Produtos)'!$B$4:$B$848,0)),MATCH(B14,'4. Base Mestre (845 Produtos)'!$B$4:$B$848,0),0))>0,INDEX('4. Base Mestre (845 Produtos)'!$D$4:$D$848,IF(ISNUMBER(MATCH(A14,'4. Base Mestre (845 Produtos)'!$A$4:$A$848,0)),MATCH(A14,'4. Base Mestre (845 Produtos)'!$A$4:$A$848,0),IF(ISNUMBER(MATCH(B14,'4. Base Mestre (845 Produtos)'!$B$4:$B$848,0)),MATCH(B14,'4. Base Mestre (845 Produtos)'!$B$4:$B$848,0),0))),1)))))))))))))))))))))))) -> 5 | L14: =IF(B14="","",IF(OR(ISNUMBER(SEARCH("KG",B14)),ISNUMBER(SEARCH("GR",B14))),"KG",IF(OR(ISNUMBER(SEARCH("0,200L",B14)),ISNUMBER(SEARCH("0,2L",B14)),ISNUMBER(SEARCH("0,5L",B14)),ISNUMBER(SEARCH("1,5L",B14)),ISNUMBER(SEARCH("1,8L",B14)),ISNUMBER(SEARCH("1.8L",B14)),ISNUMBER(SEARCH("1L",B14)),ISNUMBER(SEARCH("2L",B14)),ISNUMBER(SEARCH("3L",B14)),ISNUMBER(SEARCH("5L",B14)),ISNUMBER(SEARCH("10L",B14)),ISNUMBER(SEARCH("20L",B14)),ISNUMBER(SEARCH("25L",B14)),ISNUMBER(SEARCH("200L",B14)),ISNUMBER(SEARCH("1000L",B14)),ISNUMBER(SEARCH("LT",B14))),"L",IF(IF(ISNUMBER(MATCH(A14,'4. Base Mestre (845 Produtos)'!$A$4:$A$848,0)),MATCH(A14,'4. Base Mestre (845 Produtos)'!$A$4:$A$848,0),IF(ISNUMBER(MATCH(B14,'4. Base Mestre (845 Produtos)'!$B$4:$B$848,0)),MATCH(B14,'4. Base Mestre (845 Produtos)'!$B$4:$B$848,0),0))>0,INDEX('4. Base Mestre (845 Produtos)'!$E$4:$E$848,IF(ISNUMBER(MATCH(A14,'4. Base Mestre (845 Produtos)'!$A$4:$A$848,0)),MATCH(A14,'4. Base Mestre (845 Produtos)'!$A$4:$A$848,0),IF(ISNUMBER(MATCH(B14,'4. Base Mestre (845 Produtos)'!$B$4:$B$848,0)),MATCH(B14,'4. Base Mestre (845 Produtos)'!$B$4:$B$848,0),0))),C14)))) -> L | M14: =IF(B14="","",IF(C14=L14,"CONFORME — Unidade ("&C14&") compatível c/ Embalagem","DIVERGENTE — Embalagem em "&L14&", mas cadastrado em "&C14)) -> CONFORME — Unidade (L) compatível c/ Embalagem | N14: =IF(B14="","",IF(K14=0,"Granel / Produto Técnico (Sem Embalagem Comercial)",IF(K14<=0.3001,"Faixa 1 TIPI: Até 300g/mL (3808.61.00 / 3105.10.00)",IF(K14<=7.5001,"Faixa 2 TIPI: De 300g a 7,5kg/L (3808.62.90 / 3105.10.00)",IF(K14<=10.0001,"Faixa 3 TIPI: De 7,5kg a 10kg/L (3808.69.90 / 3105.10.00)","Faixa 4 TIPI: Acima de 10kg/L (3808.69.90 / Cap. 31 Geral)"))))) -> Faixa 2 TIPI: De 300g a 7,5kg/L (3808.62.90 / 3105.10.00) | O14: =IF(B14="","",IF(IF(ISNUMBER(MATCH(A14,'4. Base Mestre (845 Produtos)'!$A$4:$A$848,0)),MATCH(A14,'4. Base Mestre (845 Produtos)'!$A$4:$A$848,0),IF(ISNUMBER(MATCH(B14,'4. Base Mestre (845 Produtos)'!$B$4:$B$848,0)),MATCH(B14,'4. Base Mestre (845 Produtos)'!$B$4:$B$848,0),0))>0,INDEX('4. Base Mestre (845 Produtos)'!$H$4:$H$848,IF(ISNUMBER(MATCH(A14,'4. Base Mestre (845 Produtos)'!$A$4:$A$848,0)),MATCH(A14,'4. Base Mestre (845 Produtos)'!$A$4:$A$848,0),IF(ISNUMBER(MATCH(B14,'4. Base Mestre (845 Produtos)'!$B$4:$B$848,0)),MATCH(B14,'4. Base Mestre (845 Produtos)'!$B$4:$B$848,0),0))),IF(ISNUMBER(MATCH(D14,'3. Dicionario Principios Ativos'!$A$4:$A$245,0)),INDEX('3. Dicionario Principios Ativos'!$A$4:$A$245,MATCH(D14,'3. Dicionario Principios Ativos'!$A$4:$A$245,0)),D14))) -> ADJUVANTE | P14: =IF(B14="","",IF(D14=O14,"CONFORME — Princípio Ativo Validado","DIVERGENTE — Substituir por: "&O14)) -> CONFORME — Princípio Ativo Validado | Q14: =IF(B14="","",IF(IF(IF(ISNUMBER(MATCH(A14,'4. Base Mestre (845 Produtos)'!$A$4:$A$848,0)),MATCH(A14,'4. Base Mestre (845 Produtos)'!$A$4:$A$848,0),IF(ISNUMBER(MATCH(B14,'4. Base Mestre (845 Produtos)'!$B$4:$B$848,0)),MATCH(B14,'4. Base Mestre (845 Produtos)'!$B$4:$B$848,0),0))>0,INDEX('4. Base Mestre (845 Produtos)'!$J$4:$J$848,IF(ISNUMBER(MATCH(A14,'4. Base Mestre (845 Produtos)'!$A$4:$A$848,0)),MATCH(A14,'4. Base Mestre (845 Produtos)'!$A$4:$A$848,0),IF(ISNUMBER(MATCH(B14,'4. Base Mestre (845 Produtos)'!$B$4:$B$848,0)),MATCH(B14,'4. Base Mestre (845 Produtos)'!$B$4:$B$848,0),0)))="SIM",IF(ISNUMBER(MATCH(D14,'3. Dicionario Principios Ativos'!$A$4:$A$245,0)),INDEX('3. Dicionario Principios Ativos'!$C$4:$C$245,MATCH(D14,'3. Dicionario Principios Ativos'!$A$4:$A$245,0))="SIM",FALSE())),IF(AND(K14>0,K14<=0.3001),"3808.61.00",IF(AND(K14>0.3001,K14<=7.5001),"3808.62.90","3808.69.90")),IF(AND(LEFT(IF(IF(ISNUMBER(MATCH(A14,'4. Base Mestre (845 Produtos)'!$A$4:$A$848,0)),MATCH(A14,'4. Base Mestre (845 Produtos)'!$A$4:$A$848,0),IF(ISNUMBER(MATCH(B14,'4. Base Mestre (845 Produtos)'!$B$4:$B$848,0)),MATCH(B14,'4. Base Mestre (845 Produtos)'!$B$4:$B$848,0),0))>0,INDEX('4. Base Mestre (845 Produtos)'!$L$4:$L$848,IF(ISNUMBER(MATCH(A14,'4. Base Mestre (845 Produtos)'!$A$4:$A$848,0)),MATCH(A14,'4. Base Mestre (845 Produtos)'!$A$4:$A$848,0),IF(ISNUMBER(MATCH(B14,'4. Base Mestre (845 Produtos)'!$B$4:$B$848,0)),MATCH(B14,'4. Base Mestre (845 Produtos)'!$B$4:$B$848,0),0))),IF(ISNUMBER(MATCH(D14,'3. Dicionario Principios Ativos'!$A$4:$A$245,0)),INDEX('3. Dicionario Principios Ativos'!$D$4:$D$245,MATCH(D14,'3. Dicionario Principios Ativos'!$A$4:$A$245,0)),E14)),2)="31",E14="3105.10.00",K14>0,K14<=10.0001),"3105.10.00",IF(AND(IF(IF(ISNUMBER(MATCH(A14,'4. Base Mestre (845 Produtos)'!$A$4:$A$848,0)),MATCH(A14,'4. Base Mestre (845 Produtos)'!$A$4:$A$848,0),IF(ISNUMBER(MATCH(B14,'4. Base Mestre (845 Produtos)'!$B$4:$B$848,0)),MATCH(B14,'4. Base Mestre (845 Produtos)'!$B$4:$B$848,0),0))>0,INDEX('4. Base Mestre (845 Produtos)'!$L$4:$L$848,IF(ISNUMBER(MATCH(A14,'4. Base Mestre (845 Produtos)'!$A$4:$A$848,0)),MATCH(A14,'4. Base Mestre (845 Produtos)'!$A$4:$A$848,0),IF(ISNUMBER(MATCH(B14,'4. Base Mestre (845 Produtos)'!$B$4:$B$848,0)),MATCH(B14,'4. Base Mestre (845 Produtos)'!$B$4:$B$848,0),0))),IF(ISNUMBER(MATCH(D14,'3. Dicionario Principios Ativos'!$A$4:$A$245,0)),INDEX('3. Dicionario Principios Ativos'!$D$4:$D$245,MATCH(D14,'3. Dicionario Principios Ativos'!$A$4:$A$245,0)),E14))="3105.10.00",K14>10.0001),"3105.90.90",IF(IF(ISNUMBER(MATCH(A14,'4. Base Mestre (845 Produtos)'!$A$4:$A$848,0)),MATCH(A14,'4. Base Mestre (845 Produtos)'!$A$4:$A$848,0),IF(ISNUMBER(MATCH(B14,'4. Base Mestre (845 Produtos)'!$B$4:$B$848,0)),MATCH(B14,'4. Base Mestre (845 Produtos)'!$B$4:$B$848,0),0))>0,INDEX('4. Base Mestre (845 Produtos)'!$L$4:$L$848,IF(ISNUMBER(MATCH(A14,'4. Base Mestre (845 Produtos)'!$A$4:$A$848,0)),MATCH(A14,'4. Base Mestre (845 Produtos)'!$A$4:$A$848,0),IF(ISNUMBER(MATCH(B14,'4. Base Mestre (845 Produtos)'!$B$4:$B$848,0)),MATCH(B14,'4. Base Mestre (845 Produtos)'!$B$4:$B$848,0),0))),IF(ISNUMBER(MATCH(D14,'3. Dicionario Principios Ativos'!$A$4:$A$245,0)),INDEX('3. Dicionario Principios Ativos'!$D$4:$D$245,MATCH(D14,'3. Dicionario Principios Ativos'!$A$4:$A$245,0)),E14)))))) -> 3402.42.00 | R14: =IF(B14="","",IF(OR(E14=Q14,AND(Q14="3002.49.99",E14="3002.90.00")),"CONFORME — NCM "&E14&" Correta na TIPI","DIVERGENTE — Substituir "&E14&" por "&Q14)) -> CONFORME — NCM 3402.42.00 Correta na TIPI | S14: =IF(B14="","",IF(AND(E14="3808.61.00",OR(K14>0.3001,K14=0)),"INCOMPATÍVEL — NCM 3808.61.00 exige emb. <= 0,3kg/L (Emb. atual: "&K14&" "&L14&" -> usar "&Q14&")",IF(AND(LEFT(E14,7)="3808.62",OR(K14<=0.3001,K14>7.5001)),"INCOMPATÍVEL — NCM 3808.62 exige emb. de 0,3 a 7,5kg/L (Emb. atual: "&K14&" "&L14&" -> usar "&Q14&")",IF(AND(LEFT(E14,7)="3808.69",K14>0,K14<=7.5001),"INCOMPATÍVEL — NCM 3808.69 exige emb. > 7,5kg/L (Emb. atual: "&K14&" "&L14&" -> usar "&Q14&")",IF(AND(LEFT(Q14,6)="3808.6",LEFT(E14,6)<>"3808.6"),"INCOMPATÍVEL — Molécula Nota Subpos. 2 c/ emb. "&K14&" "&L14&" exige NCM "&Q14,IF(AND(OR(E14="3808.91.19",E14="3808.92.19",E14="3808.93.19",E14="3808.99.19"),K14>=1),"INCOMPATÍVEL — Subitem .19 (Domissanitário) vedado p/ emb. agrícola de "&K14&" "&L14,IF(AND(E14="3105.10.00",K14>10.0001),"INCOMPATÍVEL — NCM 3105.10.00 exige peso bruto <= 10kg (Emb. atual: "&K14&" "&L14&" -> usar 3105.90.90)",IF(AND(LEFT(E14,2)="29",LEFT(Q14,4)="3808",K14>0),"INCOMPATÍVEL — Produto formulado em emb. comercial ("&K14&" "&L14&") vedado no Cap. 29 -> usar "&Q14,"CONFORME — Embalagem ("&K14&" "&L14&") compatível c/ a NCM")))))))) -> CONFORME — Embalagem (5 L) compatível c/ a NCM | T14: =IF(B14="","",IF(IF(ISNUMBER(MATCH(A14,'4. Base Mestre (845 Produtos)'!$A$4:$A$848,0)),MATCH(A14,'4. Base Mestre (845 Produtos)'!$A$4:$A$848,0),IF(ISNUMBER(MATCH(B14,'4. Base Mestre (845 Produtos)'!$B$4:$B$848,0)),MATCH(B14,'4. Base Mestre (845 Produtos)'!$B$4:$B$848,0),0))>0,INDEX('4. Base Mestre (845 Produtos)'!$P$4:$P$848,IF(ISNUMBER(MATCH(A14,'4. Base Mestre (845 Produtos)'!$A$4:$A$848,0)),MATCH(A14,'4. Base Mestre (845 Produtos)'!$A$4:$A$848,0),IF(ISNUMBER(MATCH(B14,'4. Base Mestre (845 Produtos)'!$B$4:$B$848,0)),MATCH(B14,'4. Base Mestre (845 Produtos)'!$B$4:$B$848,0),0))),IF(ISNUMBER(MATCH(D14,'3. Dicionario Principios Ativos'!$A$4:$A$245,0)),INDEX('3. Dicionario Principios Ativos'!$K$4:$K$245,MATCH(D14,'3. Dicionario Principios Ativos'!$A$4:$A$245,0)),"VERIFICAR BULA"))) -> ISENTO (ATO 104/2017) | U14: =IF(B14="","",IF(ISNUMBER(SEARCH("ISENTO",T14)),IF(OR(F14=0,F14="0",F14="ISENTO",F14=""),"CONFORME (DISPENSADO) — Isento pelo Ato SDA/MAPA nº 104/2017","INCORRETO — Produto isento de registro MAPA (usar 0 ou ISENTO)"),IF(ISNUMBER(SEARCH("SIPEAGRO",T14)),IF(ISNUMBER(SEARCH("-",F14)),"CONFORME — Registro SIPEAGRO ("&F14&") Preenchido","ADEQUAR P/ SIPEAGRO — Substituir 0 pelo Registro (UF-XXXXX-XXXXX.X)"),IF(ISNUMBER(SEARCH("VINCULAR",T14)),IF(AND(F14<>0,F14<>"0",F14<>""),"INCORRETO / TROCADO — Código "&F14&" pertence a outro produto (Vincular bula da marca)","VINCULAR MARCA — Cadastro de P.A. s/ marca fixa (Vincular registro na NF-e)"),IF(OR(F14=0,F14="0",F14=""),"AUSENTE (ZERO) — Preencher Registro Oficial MAPA nº "&T14,IF(TEXT(F14,"0")=TEXT(T14,"0"),"CONFORME — Registro MAPA nº "&T14&" Validado na Bula","INCORRETO / TROCADO — Substituir "&F14&" pelo Registro Oficial nº "&T14)))))) -> CONFORME (DISPENSADO) — Isento pelo Ato SDA/MAPA nº 104/2017 | V14: =IF(B14="","",IF(IF(ISNUMBER(MATCH(A14,'4. Base Mestre (845 Produtos)'!$A$4:$A$848,0)),MATCH(A14,'4. Base Mestre (845 Produtos)'!$A$4:$A$848,0),IF(ISNUMBER(MATCH(B14,'4. Base Mestre (845 Produtos)'!$B$4:$B$848,0)),MATCH(B14,'4. Base Mestre (845 Produtos)'!$B$4:$B$848,0),0))>0,INDEX('4. Base Mestre (845 Produtos)'!$S$4:$S$848,IF(ISNUMBER(MATCH(A14,'4. Base Mestre (845 Produtos)'!$A$4:$A$848,0)),MATCH(A14,'4. Base Mestre (845 Produtos)'!$A$4:$A$848,0),IF(ISNUMBER(MATCH(B14,'4. Base Mestre (845 Produtos)'!$B$4:$B$848,0)),MATCH(B14,'4. Base Mestre (845 Produtos)'!$B$4:$B$848,0),0))),IF(ISNUMBER(MATCH(D14,'3. Dicionario Principios Ativos'!$A$4:$A$245,0)),INDEX('3. Dicionario Principios Ativos'!$L$4:$L$245,MATCH(D14,'3. Dicionario Principios Ativos'!$A$4:$A$245,0)),"Verificar NCM"))) -> Tributado Integralmente: 9,25% Lucro Real (c/ crédito CST 50 na revenda) | 3,65% Presumido (SC COSIT 4/24 e 261/23) | W14: =IF(B14="","",IF(IF(ISNUMBER(MATCH(A14,'4. Base Mestre (845 Produtos)'!$A$4:$A$848,0)),MATCH(A14,'4. Base Mestre (845 Produtos)'!$A$4:$A$848,0),IF(ISNUMBER(MATCH(B14,'4. Base Mestre (845 Produtos)'!$B$4:$B$848,0)),MATCH(B14,'4. Base Mestre (845 Produtos)'!$B$4:$B$848,0),0))>0,INDEX('4. Base Mestre (845 Produtos)'!$T$4:$T$848,IF(ISNUMBER(MATCH(A14,'4. Base Mestre (845 Produtos)'!$A$4:$A$848,0)),MATCH(A14,'4. Base Mestre (845 Produtos)'!$A$4:$A$848,0),IF(ISNUMBER(MATCH(B14,'4. Base Mestre (845 Produtos)'!$B$4:$B$848,0)),MATCH(B14,'4. Base Mestre (845 Produtos)'!$B$4:$B$848,0),0))),IF(ISNUMBER(MATCH(D14,'3. Dicionario Principios Ativos'!$A$4:$A$245,0)),INDEX('3. Dicionario Principios Ativos'!$M$4:$M$245,MATCH(D14,'3. Dicionario Principios Ativos'!$A$4:$A$245,0)),"Verificar CST"))) -> Saída: CST 01 (9,25% Real / 3,65% Pres.) | Entrada Revenda Real: CST 50 | X14: =IF(B14="","",IF(AND(LEFT(M14,8)="CONFORME",LEFT(P14,8)="CONFORME",LEFT(R14,8)="CONFORME",LEFT(S14,8)="CONFORME",LEFT(U14,8)="CONFORME"),"CADASTRO 100% CONFORME — LIBERADO P/ ERP",IF(AND(LEFT(M14,8)="CONFORME",LEFT(P14,8)="CONFORME",LEFT(R14,8)="CONFORME",LEFT(S14,8)="CONFORME",OR(LEFT(U14,7)="ADEQUAR",LEFT(U14,8)="VINCULAR")),"FISCAL E EMBALAGEM OK — ADEQUAR CAMPO MAPA (SIPEAGRO / MARCA)","BLOQUEADO — CORRIGIR DIVERGÊNCIAS APONTADAS ANTES DE LIBERAR NO ERP"))) -> CADASTRO 100% CONFORME — LIBERADO P/ ERP
A15: 12 | B15: ACEFATO 750 2X5KG (IMP) | C15: KG | D15: ACEFATO 750 | E15: 3808.91.91 | F15: 1378704 | H15: Cenário 07 [OK]: Inseticida Acefato em pacote 5KG no subitem específico 3808.91.91 | I15: =IF(B15="","",IF(ISNUMBER(MATCH(A15,'4. Base Mestre (845 Produtos)'!$A$4:$A$848,0)),"Localizado por Código ("&A15&") na Base Mestre",IF(ISNUMBER(MATCH(B15,'4. Base Mestre (845 Produtos)'!$B$4:$B$848,0)),"Localizado por Descrição na Base Mestre",IF(ISNUMBER(MATCH(D15,'3. Dicionario Principios Ativos'!$A$4:$A$245,0)),"Produto Novo — Validado pelo Dicionário de P.A.","Não Localizado — Revisar Código/P.A.")))) -> Localizado por Código (12) na Base Mestre | J15: =IF(B15="","",IF(IF(ISNUMBER(MATCH(A15,'4. Base Mestre (845 Produtos)'!$A$4:$A$848,0)),MATCH(A15,'4. Base Mestre (845 Produtos)'!$A$4:$A$848,0),IF(ISNUMBER(MATCH(B15,'4. Base Mestre (845 Produtos)'!$B$4:$B$848,0)),MATCH(B15,'4. Base Mestre (845 Produtos)'!$B$4:$B$848,0),0))>0,INDEX('4. Base Mestre (845 Produtos)'!$I$4:$I$848,IF(ISNUMBER(MATCH(A15,'4. Base Mestre (845 Produtos)'!$A$4:$A$848,0)),MATCH(A15,'4. Base Mestre (845 Produtos)'!$A$4:$A$848,0),IF(ISNUMBER(MATCH(B15,'4. Base Mestre (845 Produtos)'!$B$4:$B$848,0)),MATCH(B15,'4. Base Mestre (845 Produtos)'!$B$4:$B$848,0),0))),IF(ISNUMBER(MATCH(D15,'3. Dicionario Principios Ativos'!$A$4:$A$245,0)),INDEX('3. Dicionario Principios Ativos'!$B$4:$B$245,MATCH(D15,'3. Dicionario Principios Ativos'!$A$4:$A$245,0)),"Revisar Classificação"))) -> Defensivos — Inseticida | K15: =IF(B15="","",IF(G15<>"",G15,IF(OR(ISNUMBER(SEARCH("PRINCIPIO ATIVO",B15)),ISNUMBER(SEARCH("PRINC. ATIVO",B15)),ISNUMBER(SEARCH("PR. ATIVO",B15)),ISNUMBER(SEARCH("PR.AT.",B15)),ISNUMBER(SEARCH("(P.A",B15)),ISNUMBER(SEARCH("(P. A",B15))),0,IF(OR(ISNUMBER(SEARCH("0,100KG",B15)),ISNUMBER(SEARCH("0,1KG",B15)),ISNUMBER(SEARCH("0,100L",B15))),0.1,IF(OR(ISNUMBER(SEARCH("0,200L",B15)),ISNUMBER(SEARCH("0,2L",B15)),ISNUMBER(SEARCH("0,200KG",B15)),ISNUMBER(SEARCH("0,2KG",B15))),0.2,IF(OR(ISNUMBER(SEARCH("0,240KG",B15)),ISNUMBER(SEARCH("0,250L",B15))),0.24,IF(OR(ISNUMBER(SEARCH("0,300KG",B15)),ISNUMBER(SEARCH("0,3KG",B15))),0.3,IF(OR(ISNUMBER(SEARCH("0,500L",B15)),ISNUMBER(SEARCH("0,5L",B15)),ISNUMBER(SEARCH("0,5KG",B15))),0.5,IF(ISNUMBER(SEARCH("0,8KG",B15)),0.8,IF(OR(ISNUMBER(SEARCH("1,5L",B15)),ISNUMBER(SEARCH("1,5KG",B15))),1.5,IF(OR(ISNUMBER(SEARCH("1,75L",B15)),ISNUMBER(SEARCH("1,8L",B15)),ISNUMBER(SEARCH("1.8L",B15))),1.8,IF(ISNUMBER(SEARCH("4,5KG",B15)),4.5,IF(ISNUMBER(SEARCH("7,5KG",B15)),7.5,IF(OR(ISNUMBER(SEARCH("1000L",B15)),ISNUMBER(SEARCH("1000KG",B15)),ISNUMBER(SEARCH("1.000KG",B15)),ISNUMBER(SEARCH("1.000L",B15)),ISNUMBER(SEARCH("1000 KG",B15)),ISNUMBER(SEARCH("GRANEL",B15)),ISNUMBER(SEARCH("(TON)",B15))),1000,IF(ISNUMBER(SEARCH("200L",B15)),200,IF(OR(ISNUMBER(SEARCH("25KG",B15)),ISNUMBER(SEARCH("25L",B15))),25,IF(OR(ISNUMBER(SEARCH("20L",B15)),ISNUMBER(SEARCH("20KG",B15))),20,IF(ISNUMBER(SEARCH("15KG",B15)),15,IF(OR(ISNUMBER(SEARCH("10L",B15)),ISNUMBER(SEARCH("10KG",B15))),10,IF(OR(ISNUMBER(SEARCH("5L",B15)),ISNUMBER(SEARCH("5KG",B15)),ISNUMBER(SEARCH("5LT",B15))),5,IF(OR(ISNUMBER(SEARCH("3KG",B15)),ISNUMBER(SEARCH("3L",B15))),3,IF(OR(ISNUMBER(SEARCH("2L",B15)),ISNUMBER(SEARCH("2KG",B15))),2,IF(OR(ISNUMBER(SEARCH("1L",B15)),ISNUMBER(SEARCH("1KG",B15)),ISNUMBER(SEARCH("1LT",B15))),1,IF(IF(ISNUMBER(MATCH(A15,'4. Base Mestre (845 Produtos)'!$A$4:$A$848,0)),MATCH(A15,'4. Base Mestre (845 Produtos)'!$A$4:$A$848,0),IF(ISNUMBER(MATCH(B15,'4. Base Mestre (845 Produtos)'!$B$4:$B$848,0)),MATCH(B15,'4. Base Mestre (845 Produtos)'!$B$4:$B$848,0),0))>0,INDEX('4. Base Mestre (845 Produtos)'!$D$4:$D$848,IF(ISNUMBER(MATCH(A15,'4. Base Mestre (845 Produtos)'!$A$4:$A$848,0)),MATCH(A15,'4. Base Mestre (845 Produtos)'!$A$4:$A$848,0),IF(ISNUMBER(MATCH(B15,'4. Base Mestre (845 Produtos)'!$B$4:$B$848,0)),MATCH(B15,'4. Base Mestre (845 Produtos)'!$B$4:$B$848,0),0))),1)))))))))))))))))))))))) -> 5 | L15: =IF(B15="","",IF(OR(ISNUMBER(SEARCH("KG",B15)),ISNUMBER(SEARCH("GR",B15))),"KG",IF(OR(ISNUMBER(SEARCH("0,200L",B15)),ISNUMBER(SEARCH("0,2L",B15)),ISNUMBER(SEARCH("0,5L",B15)),ISNUMBER(SEARCH("1,5L",B15)),ISNUMBER(SEARCH("1,8L",B15)),ISNUMBER(SEARCH("1.8L",B15)),ISNUMBER(SEARCH("1L",B15)),ISNUMBER(SEARCH("2L",B15)),ISNUMBER(SEARCH("3L",B15)),ISNUMBER(SEARCH("5L",B15)),ISNUMBER(SEARCH("10L",B15)),ISNUMBER(SEARCH("20L",B15)),ISNUMBER(SEARCH("25L",B15)),ISNUMBER(SEARCH("200L",B15)),ISNUMBER(SEARCH("1000L",B15)),ISNUMBER(SEARCH("LT",B15))),"L",IF(IF(ISNUMBER(MATCH(A15,'4. Base Mestre (845 Produtos)'!$A$4:$A$848,0)),MATCH(A15,'4. Base Mestre (845 Produtos)'!$A$4:$A$848,0),IF(ISNUMBER(MATCH(B15,'4. Base Mestre (845 Produtos)'!$B$4:$B$848,0)),MATCH(B15,'4. Base Mestre (845 Produtos)'!$B$4:$B$848,0),0))>0,INDEX('4. Base Mestre (845 Produtos)'!$E$4:$E$848,IF(ISNUMBER(MATCH(A15,'4. Base Mestre (845 Produtos)'!$A$4:$A$848,0)),MATCH(A15,'4. Base Mestre (845 Produtos)'!$A$4:$A$848,0),IF(ISNUMBER(MATCH(B15,'4. Base Mestre (845 Produtos)'!$B$4:$B$848,0)),MATCH(B15,'4. Base Mestre (845 Produtos)'!$B$4:$B$848,0),0))),C15)))) -> KG | M15: =IF(B15="","",IF(C15=L15,"CONFORME — Unidade ("&C15&") compatível c/ Embalagem","DIVERGENTE — Embalagem em "&L15&", mas cadastrado em "&C15)) -> CONFORME — Unidade (KG) compatível c/ Embalagem | N15: =IF(B15="","",IF(K15=0,"Granel / Produto Técnico (Sem Embalagem Comercial)",IF(K15<=0.3001,"Faixa 1 TIPI: Até 300g/mL (3808.61.00 / 3105.10.00)",IF(K15<=7.5001,"Faixa 2 TIPI: De 300g a 7,5kg/L (3808.62.90 / 3105.10.00)",IF(K15<=10.0001,"Faixa 3 TIPI: De 7,5kg a 10kg/L (3808.69.90 / 3105.10.00)","Faixa 4 TIPI: Acima de 10kg/L (3808.69.90 / Cap. 31 Geral)"))))) -> Faixa 2 TIPI: De 300g a 7,5kg/L (3808.62.90 / 3105.10.00) | O15: =IF(B15="","",IF(IF(ISNUMBER(MATCH(A15,'4. Base Mestre (845 Produtos)'!$A$4:$A$848,0)),MATCH(A15,'4. Base Mestre (845 Produtos)'!$A$4:$A$848,0),IF(ISNUMBER(MATCH(B15,'4. Base Mestre (845 Produtos)'!$B$4:$B$848,0)),MATCH(B15,'4. Base Mestre (845 Produtos)'!$B$4:$B$848,0),0))>0,INDEX('4. Base Mestre (845 Produtos)'!$H$4:$H$848,IF(ISNUMBER(MATCH(A15,'4. Base Mestre (845 Produtos)'!$A$4:$A$848,0)),MATCH(A15,'4. Base Mestre (845 Produtos)'!$A$4:$A$848,0),IF(ISNUMBER(MATCH(B15,'4. Base Mestre (845 Produtos)'!$B$4:$B$848,0)),MATCH(B15,'4. Base Mestre (845 Produtos)'!$B$4:$B$848,0),0))),IF(ISNUMBER(MATCH(D15,'3. Dicionario Principios Ativos'!$A$4:$A$245,0)),INDEX('3. Dicionario Principios Ativos'!$A$4:$A$245,MATCH(D15,'3. Dicionario Principios Ativos'!$A$4:$A$245,0)),D15))) -> ACEFATO 750 | P15: =IF(B15="","",IF(D15=O15,"CONFORME — Princípio Ativo Validado","DIVERGENTE — Substituir por: "&O15)) -> CONFORME — Princípio Ativo Validado | Q15: =IF(B15="","",IF(IF(IF(ISNUMBER(MATCH(A15,'4. Base Mestre (845 Produtos)'!$A$4:$A$848,0)),MATCH(A15,'4. Base Mestre (845 Produtos)'!$A$4:$A$848,0),IF(ISNUMBER(MATCH(B15,'4. Base Mestre (845 Produtos)'!$B$4:$B$848,0)),MATCH(B15,'4. Base Mestre (845 Produtos)'!$B$4:$B$848,0),0))>0,INDEX('4. Base Mestre (845 Produtos)'!$J$4:$J$848,IF(ISNUMBER(MATCH(A15,'4. Base Mestre (845 Produtos)'!$A$4:$A$848,0)),MATCH(A15,'4. Base Mestre (845 Produtos)'!$A$4:$A$848,0),IF(ISNUMBER(MATCH(B15,'4. Base Mestre (845 Produtos)'!$B$4:$B$848,0)),MATCH(B15,'4. Base Mestre (845 Produtos)'!$B$4:$B$848,0),0)))="SIM",IF(ISNUMBER(MATCH(D15,'3. Dicionario Principios Ativos'!$A$4:$A$245,0)),INDEX('3. Dicionario Principios Ativos'!$C$4:$C$245,MATCH(D15,'3. Dicionario Principios Ativos'!$A$4:$A$245,0))="SIM",FALSE())),IF(AND(K15>0,K15<=0.3001),"3808.61.00",IF(AND(K15>0.3001,K15<=7.5001),"3808.62.90","3808.69.90")),IF(AND(LEFT(IF(IF(ISNUMBER(MATCH(A15,'4. Base Mestre (845 Produtos)'!$A$4:$A$848,0)),MATCH(A15,'4. Base Mestre (845 Produtos)'!$A$4:$A$848,0),IF(ISNUMBER(MATCH(B15,'4. Base Mestre (845 Produtos)'!$B$4:$B$848,0)),MATCH(B15,'4. Base Mestre (845 Produtos)'!$B$4:$B$848,0),0))>0,INDEX('4. Base Mestre (845 Produtos)'!$L$4:$L$848,IF(ISNUMBER(MATCH(A15,'4. Base Mestre (845 Produtos)'!$A$4:$A$848,0)),MATCH(A15,'4. Base Mestre (845 Produtos)'!$A$4:$A$848,0),IF(ISNUMBER(MATCH(B15,'4. Base Mestre (845 Produtos)'!$B$4:$B$848,0)),MATCH(B15,'4. Base Mestre (845 Produtos)'!$B$4:$B$848,0),0))),IF(ISNUMBER(MATCH(D15,'3. Dicionario Principios Ativos'!$A$4:$A$245,0)),INDEX('3. Dicionario Principios Ativos'!$D$4:$D$245,MATCH(D15,'3. Dicionario Principios Ativos'!$A$4:$A$245,0)),E15)),2)="31",E15="3105.10.00",K15>0,K15<=10.0001),"3105.10.00",IF(AND(IF(IF(ISNUMBER(MATCH(A15,'4. Base Mestre (845 Produtos)'!$A$4:$A$848,0)),MATCH(A15,'4. Base Mestre (845 Produtos)'!$A$4:$A$848,0),IF(ISNUMBER(MATCH(B15,'4. Base Mestre (845 Produtos)'!$B$4:$B$848,0)),MATCH(B15,'4. Base Mestre (845 Produtos)'!$B$4:$B$848,0),0))>0,INDEX('4. Base Mestre (845 Produtos)'!$L$4:$L$848,IF(ISNUMBER(MATCH(A15,'4. Base Mestre (845 Produtos)'!$A$4:$A$848,0)),MATCH(A15,'4. Base Mestre (845 Produtos)'!$A$4:$A$848,0),IF(ISNUMBER(MATCH(B15,'4. Base Mestre (845 Produtos)'!$B$4:$B$848,0)),MATCH(B15,'4. Base Mestre (845 Produtos)'!$B$4:$B$848,0),0))),IF(ISNUMBER(MATCH(D15,'3. Dicionario Principios Ativos'!$A$4:$A$245,0)),INDEX('3. Dicionario Principios Ativos'!$D$4:$D$245,MATCH(D15,'3. Dicionario Principios Ativos'!$A$4:$A$245,0)),E15))="3105.10.00",K15>10.0001),"3105.90.90",IF(IF(ISNUMBER(MATCH(A15,'4. Base Mestre (845 Produtos)'!$A$4:$A$848,0)),MATCH(A15,'4. Base Mestre (845 Produtos)'!$A$4:$A$848,0),IF(ISNUMBER(MATCH(B15,'4. Base Mestre (845 Produtos)'!$B$4:$B$848,0)),MATCH(B15,'4. Base Mestre (845 Produtos)'!$B$4:$B$848,0),0))>0,INDEX('4. Base Mestre (845 Produtos)'!$L$4:$L$848,IF(ISNUMBER(MATCH(A15,'4. Base Mestre (845 Produtos)'!$A$4:$A$848,0)),MATCH(A15,'4. Base Mestre (845 Produtos)'!$A$4:$A$848,0),IF(ISNUMBER(MATCH(B15,'4. Base Mestre (845 Produtos)'!$B$4:$B$848,0)),MATCH(B15,'4. Base Mestre (845 Produtos)'!$B$4:$B$848,0),0))),IF(ISNUMBER(MATCH(D15,'3. Dicionario Principios Ativos'!$A$4:$A$245,0)),INDEX('3. Dicionario Principios Ativos'!$D$4:$D$245,MATCH(D15,'3. Dicionario Principios Ativos'!$A$4:$A$245,0)),E15)))))) -> 3808.91.91 | R15: =IF(B15="","",IF(OR(E15=Q15,AND(Q15="3002.49.99",E15="3002.90.00")),"CONFORME — NCM "&E15&" Correta na TIPI","DIVERGENTE — Substituir "&E15&" por "&Q15)) -> CONFORME — NCM 3808.91.91 Correta na TIPI | S15: =IF(B15="","",IF(AND(E15="3808.61.00",OR(K15>0.3001,K15=0)),"INCOMPATÍVEL — NCM 3808.61.00 exige emb. <= 0,3kg/L (Emb. atual: "&K15&" "&L15&" -> usar "&Q15&")",IF(AND(LEFT(E15,7)="3808.62",OR(K15<=0.3001,K15>7.5001)),"INCOMPATÍVEL — NCM 3808.62 exige emb. de 0,3 a 7,5kg/L (Emb. atual: "&K15&" "&L15&" -> usar "&Q15&")",IF(AND(LEFT(E15,7)="3808.69",K15>0,K15<=7.5001),"INCOMPATÍVEL — NCM 3808.69 exige emb. > 7,5kg/L (Emb. atual: "&K15&" "&L15&" -> usar "&Q15&")",IF(AND(LEFT(Q15,6)="3808.6",LEFT(E15,6)<>"3808.6"),"INCOMPATÍVEL — Molécula Nota Subpos. 2 c/ emb. "&K15&" "&L15&" exige NCM "&Q15,IF(AND(OR(E15="3808.91.19",E15="3808.92.19",E15="3808.93.19",E15="3808.99.19"),K15>=1),"INCOMPATÍVEL — Subitem .19 (Domissanitário) vedado p/ emb. agrícola de "&K15&" "&L15,IF(AND(E15="3105.10.00",K15>10.0001),"INCOMPATÍVEL — NCM 3105.10.00 exige peso bruto <= 10kg (Emb. atual: "&K15&" "&L15&" -> usar 3105.90.90)",IF(AND(LEFT(E15,2)="29",LEFT(Q15,4)="3808",K15>0),"INCOMPATÍVEL — Produto formulado em emb. comercial ("&K15&" "&L15&") vedado no Cap. 29 -> usar "&Q15,"CONFORME — Embalagem ("&K15&" "&L15&") compatível c/ a NCM")))))))) -> CONFORME — Embalagem (5 KG) compatível c/ a NCM | T15: =IF(B15="","",IF(IF(ISNUMBER(MATCH(A15,'4. Base Mestre (845 Produtos)'!$A$4:$A$848,0)),MATCH(A15,'4. Base Mestre (845 Produtos)'!$A$4:$A$848,0),IF(ISNUMBER(MATCH(B15,'4. Base Mestre (845 Produtos)'!$B$4:$B$848,0)),MATCH(B15,'4. Base Mestre (845 Produtos)'!$B$4:$B$848,0),0))>0,INDEX('4. Base Mestre (845 Produtos)'!$P$4:$P$848,IF(ISNUMBER(MATCH(A15,'4. Base Mestre (845 Produtos)'!$A$4:$A$848,0)),MATCH(A15,'4. Base Mestre (845 Produtos)'!$A$4:$A$848,0),IF(ISNUMBER(MATCH(B15,'4. Base Mestre (845 Produtos)'!$B$4:$B$848,0)),MATCH(B15,'4. Base Mestre (845 Produtos)'!$B$4:$B$848,0),0))),IF(ISNUMBER(MATCH(D15,'3. Dicionario Principios Ativos'!$A$4:$A$245,0)),INDEX('3. Dicionario Principios Ativos'!$K$4:$K$245,MATCH(D15,'3. Dicionario Principios Ativos'!$A$4:$A$245,0)),"VERIFICAR BULA"))) -> 1378704 | U15: =IF(B15="","",IF(ISNUMBER(SEARCH("ISENTO",T15)),IF(OR(F15=0,F15="0",F15="ISENTO",F15=""),"CONFORME (DISPENSADO) — Isento pelo Ato SDA/MAPA nº 104/2017","INCORRETO — Produto isento de registro MAPA (usar 0 ou ISENTO)"),IF(ISNUMBER(SEARCH("SIPEAGRO",T15)),IF(ISNUMBER(SEARCH("-",F15)),"CONFORME — Registro SIPEAGRO ("&F15&") Preenchido","ADEQUAR P/ SIPEAGRO — Substituir 0 pelo Registro (UF-XXXXX-XXXXX.X)"),IF(ISNUMBER(SEARCH("VINCULAR",T15)),IF(AND(F15<>0,F15<>"0",F15<>""),"INCORRETO / TROCADO — Código "&F15&" pertence a outro produto (Vincular bula da marca)","VINCULAR MARCA — Cadastro de P.A. s/ marca fixa (Vincular registro na NF-e)"),IF(OR(F15=0,F15="0",F15=""),"AUSENTE (ZERO) — Preencher Registro Oficial MAPA nº "&T15,IF(TEXT(F15,"0")=TEXT(T15,"0"),"CONFORME — Registro MAPA nº "&T15&" Validado na Bula","INCORRETO / TROCADO — Substituir "&F15&" pelo Registro Oficial nº "&T15)))))) -> CONFORME — Registro MAPA nº 1378704 Validado na Bula | V15: =IF(B15="","",IF(IF(ISNUMBER(MATCH(A15,'4. Base Mestre (845 Produtos)'!$A$4:$A$848,0)),MATCH(A15,'4. Base Mestre (845 Produtos)'!$A$4:$A$848,0),IF(ISNUMBER(MATCH(B15,'4. Base Mestre (845 Produtos)'!$B$4:$B$848,0)),MATCH(B15,'4. Base Mestre (845 Produtos)'!$B$4:$B$848,0),0))>0,INDEX('4. Base Mestre (845 Produtos)'!$S$4:$S$848,IF(ISNUMBER(MATCH(A15,'4. Base Mestre (845 Produtos)'!$A$4:$A$848,0)),MATCH(A15,'4. Base Mestre (845 Produtos)'!$A$4:$A$848,0),IF(ISNUMBER(MATCH(B15,'4. Base Mestre (845 Produtos)'!$B$4:$B$848,0)),MATCH(B15,'4. Base Mestre (845 Produtos)'!$B$4:$B$848,0),0))),IF(ISNUMBER(MATCH(D15,'3. Dicionario Principios Ativos'!$A$4:$A$245,0)),INDEX('3. Dicionario Principios Ativos'!$L$4:$L$245,MATCH(D15,'3. Dicionario Principios Ativos'!$A$4:$A$245,0)),"Verificar NCM"))) -> Beneficiado (Lei 10.925/04): 0% até Mar/26 | 0,925% Real / 0,365% Pres. pós-Abr/26 (LC 224/25) | W15: =IF(B15="","",IF(IF(ISNUMBER(MATCH(A15,'4. Base Mestre (845 Produtos)'!$A$4:$A$848,0)),MATCH(A15,'4. Base Mestre (845 Produtos)'!$A$4:$A$848,0),IF(ISNUMBER(MATCH(B15,'4. Base Mestre (845 Produtos)'!$B$4:$B$848,0)),MATCH(B15,'4. Base Mestre (845 Produtos)'!$B$4:$B$848,0),0))>0,INDEX('4. Base Mestre (845 Produtos)'!$T$4:$T$848,IF(ISNUMBER(MATCH(A15,'4. Base Mestre (845 Produtos)'!$A$4:$A$848,0)),MATCH(A15,'4. Base Mestre (845 Produtos)'!$A$4:$A$848,0),IF(ISNUMBER(MATCH(B15,'4. Base Mestre (845 Produtos)'!$B$4:$B$848,0)),MATCH(B15,'4. Base Mestre (845 Produtos)'!$B$4:$B$848,0),0))),IF(ISNUMBER(MATCH(D15,'3. Dicionario Principios Ativos'!$A$4:$A$245,0)),INDEX('3. Dicionario Principios Ativos'!$M$4:$M$245,MATCH(D15,'3. Dicionario Principios Ativos'!$A$4:$A$245,0)),"Verificar CST"))) -> Saída: CST 06 (c/ Ajuste M220/M620 pós-Abr/26) | Entrada Revenda: CST 73 | X15: =IF(B15="","",IF(AND(LEFT(M15,8)="CONFORME",LEFT(P15,8)="CONFORME",LEFT(R15,8)="CONFORME",LEFT(S15,8)="CONFORME",LEFT(U15,8)="CONFORME"),"CADASTRO 100% CONFORME — LIBERADO P/ ERP",IF(AND(LEFT(M15,8)="CONFORME",LEFT(P15,8)="CONFORME",LEFT(R15,8)="CONFORME",LEFT(S15,8)="CONFORME",OR(LEFT(U15,7)="ADEQUAR",LEFT(U15,8)="VINCULAR")),"FISCAL E EMBALAGEM OK — ADEQUAR CAMPO MAPA (SIPEAGRO / MARCA)","BLOQUEADO — CORRIGIR DIVERGÊNCIAS APONTADAS ANTES DE LIBERAR NO ERP"))) -> CADASTRO 100% CONFORME — LIBERADO P/ ERP
A16: 469 | B16: SAMURAI 1X5L | C16: L | D16: LAMBDA-CIALOTRINA 250 | E16: 3808.69.90 | F16: 2020 | H16: Cenário 08 [Erro NCM x Emb.]: Samurai 1X5L (5L <=7,5kg) cadastrado em 3808.69.90 (>7,5kg) | I16: =IF(B16="","",IF(ISNUMBER(MATCH(A16,'4. Base Mestre (845 Produtos)'!$A$4:$A$848,0)),"Localizado por Código ("&A16&") na Base Mestre",IF(ISNUMBER(MATCH(B16,'4. Base Mestre (845 Produtos)'!$B$4:$B$848,0)),"Localizado por Descrição na Base Mestre",IF(ISNUMBER(MATCH(D16,'3. Dicionario Principios Ativos'!$A$4:$A$245,0)),"Produto Novo — Validado pelo Dicionário de P.A.","Não Localizado — Revisar Código/P.A.")))) -> Localizado por Código (469) na Base Mestre | J16: =IF(B16="","",IF(IF(ISNUMBER(MATCH(A16,'4. Base Mestre (845 Produtos)'!$A$4:$A$848,0)),MATCH(A16,'4. Base Mestre (845 Produtos)'!$A$4:$A$848,0),IF(ISNUMBER(MATCH(B16,'4. Base Mestre (845 Produtos)'!$B$4:$B$848,0)),MATCH(B16,'4. Base Mestre (845 Produtos)'!$B$4:$B$848,0),0))>0,INDEX('4. Base Mestre (845 Produtos)'!$I$4:$I$848,IF(ISNUMBER(MATCH(A16,'4. Base Mestre (845 Produtos)'!$A$4:$A$848,0)),MATCH(A16,'4. Base Mestre (845 Produtos)'!$A$4:$A$848,0),IF(ISNUMBER(MATCH(B16,'4. Base Mestre (845 Produtos)'!$B$4:$B$848,0)),MATCH(B16,'4. Base Mestre (845 Produtos)'!$B$4:$B$848,0),0))),IF(ISNUMBER(MATCH(D16,'3. Dicionario Principios Ativos'!$A$4:$A$245,0)),INDEX('3. Dicionario Principios Ativos'!$B$4:$B$245,MATCH(D16,'3. Dicionario Principios Ativos'!$A$4:$A$245,0)),"Revisar Classificação"))) -> Defensivos — Inseticida | K16: =IF(B16="","",IF(G16<>"",G16,IF(OR(ISNUMBER(SEARCH("PRINCIPIO ATIVO",B16)),ISNUMBER(SEARCH("PRINC. ATIVO",B16)),ISNUMBER(SEARCH("PR. ATIVO",B16)),ISNUMBER(SEARCH("PR.AT.",B16)),ISNUMBER(SEARCH("(P.A",B16)),ISNUMBER(SEARCH("(P. A",B16))),0,IF(OR(ISNUMBER(SEARCH("0,100KG",B16)),ISNUMBER(SEARCH("0,1KG",B16)),ISNUMBER(SEARCH("0,100L",B16))),0.1,IF(OR(ISNUMBER(SEARCH("0,200L",B16)),ISNUMBER(SEARCH("0,2L",B16)),ISNUMBER(SEARCH("0,200KG",B16)),ISNUMBER(SEARCH("0,2KG",B16))),0.2,IF(OR(ISNUMBER(SEARCH("0,240KG",B16)),ISNUMBER(SEARCH("0,250L",B16))),0.24,IF(OR(ISNUMBER(SEARCH("0,300KG",B16)),ISNUMBER(SEARCH("0,3KG",B16))),0.3,IF(OR(ISNUMBER(SEARCH("0,500L",B16)),ISNUMBER(SEARCH("0,5L",B16)),ISNUMBER(SEARCH("0,5KG",B16))),0.5,IF(ISNUMBER(SEARCH("0,8KG",B16)),0.8,IF(OR(ISNUMBER(SEARCH("1,5L",B16)),ISNUMBER(SEARCH("1,5KG",B16))),1.5,IF(OR(ISNUMBER(SEARCH("1,75L",B16)),ISNUMBER(SEARCH("1,8L",B16)),ISNUMBER(SEARCH("1.8L",B16))),1.8,IF(ISNUMBER(SEARCH("4,5KG",B16)),4.5,IF(ISNUMBER(SEARCH("7,5KG",B16)),7.5,IF(OR(ISNUMBER(SEARCH("1000L",B16)),ISNUMBER(SEARCH("1000KG",B16)),ISNUMBER(SEARCH("1.000KG",B16)),ISNUMBER(SEARCH("1.000L",B16)),ISNUMBER(SEARCH("1000 KG",B16)),ISNUMBER(SEARCH("GRANEL",B16)),ISNUMBER(SEARCH("(TON)",B16))),1000,IF(ISNUMBER(SEARCH("200L",B16)),200,IF(OR(ISNUMBER(SEARCH("25KG",B16)),ISNUMBER(SEARCH("25L",B16))),25,IF(OR(ISNUMBER(SEARCH("20L",B16)),ISNUMBER(SEARCH("20KG",B16))),20,IF(ISNUMBER(SEARCH("15KG",B16)),15,IF(OR(ISNUMBER(SEARCH("10L",B16)),ISNUMBER(SEARCH("10KG",B16))),10,IF(OR(ISNUMBER(SEARCH("5L",B16)),ISNUMBER(SEARCH("5KG",B16)),ISNUMBER(SEARCH("5LT",B16))),5,IF(OR(ISNUMBER(SEARCH("3KG",B16)),ISNUMBER(SEARCH("3L",B16))),3,IF(OR(ISNUMBER(SEARCH("2L",B16)),ISNUMBER(SEARCH("2KG",B16))),2,IF(OR(ISNUMBER(SEARCH("1L",B16)),ISNUMBER(SEARCH("1KG",B16)),ISNUMBER(SEARCH("1LT",B16))),1,IF(IF(ISNUMBER(MATCH(A16,'4. Base Mestre (845 Produtos)'!$A$4:$A$848,0)),MATCH(A16,'4. Base Mestre (845 Produtos)'!$A$4:$A$848,0),IF(ISNUMBER(MATCH(B16,'4. Base Mestre (845 Produtos)'!$B$4:$B$848,0)),MATCH(B16,'4. Base Mestre (845 Produtos)'!$B$4:$B$848,0),0))>0,INDEX('4. Base Mestre (845 Produtos)'!$D$4:$D$848,IF(ISNUMBER(MATCH(A16,'4. Base Mestre (845 Produtos)'!$A$4:$A$848,0)),MATCH(A16,'4. Base Mestre (845 Produtos)'!$A$4:$A$848,0),IF(ISNUMBER(MATCH(B16,'4. Base Mestre (845 Produtos)'!$B$4:$B$848,0)),MATCH(B16,'4. Base Mestre (845 Produtos)'!$B$4:$B$848,0),0))),1)))))))))))))))))))))))) -> 5 | L16: =IF(B16="","",IF(OR(ISNUMBER(SEARCH("KG",B16)),ISNUMBER(SEARCH("GR",B16))),"KG",IF(OR(ISNUMBER(SEARCH("0,200L",B16)),ISNUMBER(SEARCH("0,2L",B16)),ISNUMBER(SEARCH("0,5L",B16)),ISNUMBER(SEARCH("1,5L",B16)),ISNUMBER(SEARCH("1,8L",B16)),ISNUMBER(SEARCH("1.8L",B16)),ISNUMBER(SEARCH("1L",B16)),ISNUMBER(SEARCH("2L",B16)),ISNUMBER(SEARCH("3L",B16)),ISNUMBER(SEARCH("5L",B16)),ISNUMBER(SEARCH("10L",B16)),ISNUMBER(SEARCH("20L",B16)),ISNUMBER(SEARCH("25L",B16)),ISNUMBER(SEARCH("200L",B16)),ISNUMBER(SEARCH("1000L",B16)),ISNUMBER(SEARCH("LT",B16))),"L",IF(IF(ISNUMBER(MATCH(A16,'4. Base Mestre (845 Produtos)'!$A$4:$A$848,0)),MATCH(A16,'4. Base Mestre (845 Produtos)'!$A$4:$A$848,0),IF(ISNUMBER(MATCH(B16,'4. Base Mestre (845 Produtos)'!$B$4:$B$848,0)),MATCH(B16,'4. Base Mestre (845 Produtos)'!$B$4:$B$848,0),0))>0,INDEX('4. Base Mestre (845 Produtos)'!$E$4:$E$848,IF(ISNUMBER(MATCH(A16,'4. Base Mestre (845 Produtos)'!$A$4:$A$848,0)),MATCH(A16,'4. Base Mestre (845 Produtos)'!$A$4:$A$848,0),IF(ISNUMBER(MATCH(B16,'4. Base Mestre (845 Produtos)'!$B$4:$B$848,0)),MATCH(B16,'4. Base Mestre (845 Produtos)'!$B$4:$B$848,0),0))),C16)))) -> L | M16: =IF(B16="","",IF(C16=L16,"CONFORME — Unidade ("&C16&") compatível c/ Embalagem","DIVERGENTE — Embalagem em "&L16&", mas cadastrado em "&C16)) -> CONFORME — Unidade (L) compatível c/ Embalagem | N16: =IF(B16="","",IF(K16=0,"Granel / Produto Técnico (Sem Embalagem Comercial)",IF(K16<=0.3001,"Faixa 1 TIPI: Até 300g/mL (3808.61.00 / 3105.10.00)",IF(K16<=7.5001,"Faixa 2 TIPI: De 300g a 7,5kg/L (3808.62.90 / 3105.10.00)",IF(K16<=10.0001,"Faixa 3 TIPI: De 7,5kg a 10kg/L (3808.69.90 / 3105.10.00)","Faixa 4 TIPI: Acima de 10kg/L (3808.69.90 / Cap. 31 Geral)"))))) -> Faixa 2 TIPI: De 300g a 7,5kg/L (3808.62.90 / 3105.10.00) | O16: =IF(B16="","",IF(IF(ISNUMBER(MATCH(A16,'4. Base Mestre (845 Produtos)'!$A$4:$A$848,0)),MATCH(A16,'4. Base Mestre (845 Produtos)'!$A$4:$A$848,0),IF(ISNUMBER(MATCH(B16,'4. Base Mestre (845 Produtos)'!$B$4:$B$848,0)),MATCH(B16,'4. Base Mestre (845 Produtos)'!$B$4:$B$848,0),0))>0,INDEX('4. Base Mestre (845 Produtos)'!$H$4:$H$848,IF(ISNUMBER(MATCH(A16,'4. Base Mestre (845 Produtos)'!$A$4:$A$848,0)),MATCH(A16,'4. Base Mestre (845 Produtos)'!$A$4:$A$848,0),IF(ISNUMBER(MATCH(B16,'4. Base Mestre (845 Produtos)'!$B$4:$B$848,0)),MATCH(B16,'4. Base Mestre (845 Produtos)'!$B$4:$B$848,0),0))),IF(ISNUMBER(MATCH(D16,'3. Dicionario Principios Ativos'!$A$4:$A$245,0)),INDEX('3. Dicionario Principios Ativos'!$A$4:$A$245,MATCH(D16,'3. Dicionario Principios Ativos'!$A$4:$A$245,0)),D16))) -> LAMBDA-CIALOTRINA 250 | P16: =IF(B16="","",IF(D16=O16,"CONFORME — Princípio Ativo Validado","DIVERGENTE — Substituir por: "&O16)) -> CONFORME — Princípio Ativo Validado | Q16: =IF(B16="","",IF(IF(IF(ISNUMBER(MATCH(A16,'4. Base Mestre (845 Produtos)'!$A$4:$A$848,0)),MATCH(A16,'4. Base Mestre (845 Produtos)'!$A$4:$A$848,0),IF(ISNUMBER(MATCH(B16,'4. Base Mestre (845 Produtos)'!$B$4:$B$848,0)),MATCH(B16,'4. Base Mestre (845 Produtos)'!$B$4:$B$848,0),0))>0,INDEX('4. Base Mestre (845 Produtos)'!$J$4:$J$848,IF(ISNUMBER(MATCH(A16,'4. Base Mestre (845 Produtos)'!$A$4:$A$848,0)),MATCH(A16,'4. Base Mestre (845 Produtos)'!$A$4:$A$848,0),IF(ISNUMBER(MATCH(B16,'4. Base Mestre (845 Produtos)'!$B$4:$B$848,0)),MATCH(B16,'4. Base Mestre (845 Produtos)'!$B$4:$B$848,0),0)))="SIM",IF(ISNUMBER(MATCH(D16,'3. Dicionario Principios Ativos'!$A$4:$A$245,0)),INDEX('3. Dicionario Principios Ativos'!$C$4:$C$245,MATCH(D16,'3. Dicionario Principios Ativos'!$A$4:$A$245,0))="SIM",FALSE())),IF(AND(K16>0,K16<=0.3001),"3808.61.00",IF(AND(K16>0.3001,K16<=7.5001),"3808.62.90","3808.69.90")),IF(AND(LEFT(IF(IF(ISNUMBER(MATCH(A16,'4. Base Mestre (845 Produtos)'!$A$4:$A$848,0)),MATCH(A16,'4. Base Mestre (845 Produtos)'!$A$4:$A$848,0),IF(ISNUMBER(MATCH(B16,'4. Base Mestre (845 Produtos)'!$B$4:$B$848,0)),MATCH(B16,'4. Base Mestre (845 Produtos)'!$B$4:$B$848,0),0))>0,INDEX('4. Base Mestre (845 Produtos)'!$L$4:$L$848,IF(ISNUMBER(MATCH(A16,'4. Base Mestre (845 Produtos)'!$A$4:$A$848,0)),MATCH(A16,'4. Base Mestre (845 Produtos)'!$A$4:$A$848,0),IF(ISNUMBER(MATCH(B16,'4. Base Mestre (845 Produtos)'!$B$4:$B$848,0)),MATCH(B16,'4. Base Mestre (845 Produtos)'!$B$4:$B$848,0),0))),IF(ISNUMBER(MATCH(D16,'3. Dicionario Principios Ativos'!$A$4:$A$245,0)),INDEX('3. Dicionario Principios Ativos'!$D$4:$D$245,MATCH(D16,'3. Dicionario Principios Ativos'!$A$4:$A$245,0)),E16)),2)="31",E16="3105.10.00",K16>0,K16<=10.0001),"3105.10.00",IF(AND(IF(IF(ISNUMBER(MATCH(A16,'4. Base Mestre (845 Produtos)'!$A$4:$A$848,0)),MATCH(A16,'4. Base Mestre (845 Produtos)'!$A$4:$A$848,0),IF(ISNUMBER(MATCH(B16,'4. Base Mestre (845 Produtos)'!$B$4:$B$848,0)),MATCH(B16,'4. Base Mestre (845 Produtos)'!$B$4:$B$848,0),0))>0,INDEX('4. Base Mestre (845 Produtos)'!$L$4:$L$848,IF(ISNUMBER(MATCH(A16,'4. Base Mestre (845 Produtos)'!$A$4:$A$848,0)),MATCH(A16,'4. Base Mestre (845 Produtos)'!$A$4:$A$848,0),IF(ISNUMBER(MATCH(B16,'4. Base Mestre (845 Produtos)'!$B$4:$B$848,0)),MATCH(B16,'4. Base Mestre (845 Produtos)'!$B$4:$B$848,0),0))),IF(ISNUMBER(MATCH(D16,'3. Dicionario Principios Ativos'!$A$4:$A$245,0)),INDEX('3. Dicionario Principios Ativos'!$D$4:$D$245,MATCH(D16,'3. Dicionario Principios Ativos'!$A$4:$A$245,0)),E16))="3105.10.00",K16>10.0001),"3105.90.90",IF(IF(ISNUMBER(MATCH(A16,'4. Base Mestre (845 Produtos)'!$A$4:$A$848,0)),MATCH(A16,'4. Base Mestre (845 Produtos)'!$A$4:$A$848,0),IF(ISNUMBER(MATCH(B16,'4. Base Mestre (845 Produtos)'!$B$4:$B$848,0)),MATCH(B16,'4. Base Mestre (845 Produtos)'!$B$4:$B$848,0),0))>0,INDEX('4. Base Mestre (845 Produtos)'!$L$4:$L$848,IF(ISNUMBER(MATCH(A16,'4. Base Mestre (845 Produtos)'!$A$4:$A$848,0)),MATCH(A16,'4. Base Mestre (845 Produtos)'!$A$4:$A$848,0),IF(ISNUMBER(MATCH(B16,'4. Base Mestre (845 Produtos)'!$B$4:$B$848,0)),MATCH(B16,'4. Base Mestre (845 Produtos)'!$B$4:$B$848,0),0))),IF(ISNUMBER(MATCH(D16,'3. Dicionario Principios Ativos'!$A$4:$A$245,0)),INDEX('3. Dicionario Principios Ativos'!$D$4:$D$245,MATCH(D16,'3. Dicionario Principios Ativos'!$A$4:$A$245,0)),E16)))))) -> 3808.62.90 | R16: =IF(B16="","",IF(OR(E16=Q16,AND(Q16="3002.49.99",E16="3002.90.00")),"CONFORME — NCM "&E16&" Correta na TIPI","DIVERGENTE — Substituir "&E16&" por "&Q16)) -> DIVERGENTE — Substituir 3808.69.90 por 3808.62.90 | S16: =IF(B16="","",IF(AND(E16="3808.61.00",OR(K16>0.3001,K16=0)),"INCOMPATÍVEL — NCM 3808.61.00 exige emb. <= 0,3kg/L (Emb. atual: "&K16&" "&L16&" -> usar "&Q16&")",IF(AND(LEFT(E16,7)="3808.62",OR(K16<=0.3001,K16>7.5001)),"INCOMPATÍVEL — NCM 3808.62 exige emb. de 0,3 a 7,5kg/L (Emb. atual: "&K16&" "&L16&" -> usar "&Q16&")",IF(AND(LEFT(E16,7)="3808.69",K16>0,K16<=7.5001),"INCOMPATÍVEL — NCM 3808.69 exige emb. > 7,5kg/L (Emb. atual: "&K16&" "&L16&" -> usar "&Q16&")",IF(AND(LEFT(Q16,6)="3808.6",LEFT(E16,6)<>"3808.6"),"INCOMPATÍVEL — Molécula Nota Subpos. 2 c/ emb. "&K16&" "&L16&" exige NCM "&Q16,IF(AND(OR(E16="3808.91.19",E16="3808.92.19",E16="3808.93.19",E16="3808.99.19"),K16>=1),"INCOMPATÍVEL — Subitem .19 (Domissanitário) vedado p/ emb. agrícola de "&K16&" "&L16,IF(AND(E16="3105.10.00",K16>10.0001),"INCOMPATÍVEL — NCM 3105.10.00 exige peso bruto <= 10kg (Emb. atual: "&K16&" "&L16&" -> usar 3105.90.90)",IF(AND(LEFT(E16,2)="29",LEFT(Q16,4)="3808",K16>0),"INCOMPATÍVEL — Produto formulado em emb. comercial ("&K16&" "&L16&") vedado no Cap. 29 -> usar "&Q16,"CONFORME — Embalagem ("&K16&" "&L16&") compatível c/ a NCM")))))))) -> INCOMPATÍVEL — NCM 3808.69 exige emb. > 7,5kg/L (Emb. atual: 5 L -> usar 3808.62.90) | T16: =IF(B16="","",IF(IF(ISNUMBER(MATCH(A16,'4. Base Mestre (845 Produtos)'!$A$4:$A$848,0)),MATCH(A16,'4. Base Mestre (845 Produtos)'!$A$4:$A$848,0),IF(ISNUMBER(MATCH(B16,'4. Base Mestre (845 Produtos)'!$B$4:$B$848,0)),MATCH(B16,'4. Base Mestre (845 Produtos)'!$B$4:$B$848,0),0))>0,INDEX('4. Base Mestre (845 Produtos)'!$P$4:$P$848,IF(ISNUMBER(MATCH(A16,'4. Base Mestre (845 Produtos)'!$A$4:$A$848,0)),MATCH(A16,'4. Base Mestre (845 Produtos)'!$A$4:$A$848,0),IF(ISNUMBER(MATCH(B16,'4. Base Mestre (845 Produtos)'!$B$4:$B$848,0)),MATCH(B16,'4. Base Mestre (845 Produtos)'!$B$4:$B$848,0),0))),IF(ISNUMBER(MATCH(D16,'3. Dicionario Principios Ativos'!$A$4:$A$245,0)),INDEX('3. Dicionario Principios Ativos'!$K$4:$K$245,MATCH(D16,'3. Dicionario Principios Ativos'!$A$4:$A$245,0)),"VERIFICAR BULA"))) -> 2020 | U16: =IF(B16="","",IF(ISNUMBER(SEARCH("ISENTO",T16)),IF(OR(F16=0,F16="0",F16="ISENTO",F16=""),"CONFORME (DISPENSADO) — Isento pelo Ato SDA/MAPA nº 104/2017","INCORRETO — Produto isento de registro MAPA (usar 0 ou ISENTO)"),IF(ISNUMBER(SEARCH("SIPEAGRO",T16)),IF(ISNUMBER(SEARCH("-",F16)),"CONFORME — Registro SIPEAGRO ("&F16&") Preenchido","ADEQUAR P/ SIPEAGRO — Substituir 0 pelo Registro (UF-XXXXX-XXXXX.X)"),IF(ISNUMBER(SEARCH("VINCULAR",T16)),IF(AND(F16<>0,F16<>"0",F16<>""),"INCORRETO / TROCADO — Código "&F16&" pertence a outro produto (Vincular bula da marca)","VINCULAR MARCA — Cadastro de P.A. s/ marca fixa (Vincular registro na NF-e)"),IF(OR(F16=0,F16="0",F16=""),"AUSENTE (ZERO) — Preencher Registro Oficial MAPA nº "&T16,IF(TEXT(F16,"0")=TEXT(T16,"0"),"CONFORME — Registro MAPA nº "&T16&" Validado na Bula","INCORRETO / TROCADO — Substituir "&F16&" pelo Registro Oficial nº "&T16)))))) -> CONFORME — Registro MAPA nº 2020 Validado na Bula | V16: =IF(B16="","",IF(IF(ISNUMBER(MATCH(A16,'4. Base Mestre (845 Produtos)'!$A$4:$A$848,0)),MATCH(A16,'4. Base Mestre (845 Produtos)'!$A$4:$A$848,0),IF(ISNUMBER(MATCH(B16,'4. Base Mestre (845 Produtos)'!$B$4:$B$848,0)),MATCH(B16,'4. Base Mestre (845 Produtos)'!$B$4:$B$848,0),0))>0,INDEX('4. Base Mestre (845 Produtos)'!$S$4:$S$848,IF(ISNUMBER(MATCH(A16,'4. Base Mestre (845 Produtos)'!$A$4:$A$848,0)),MATCH(A16,'4. Base Mestre (845 Produtos)'!$A$4:$A$848,0),IF(ISNUMBER(MATCH(B16,'4. Base Mestre (845 Produtos)'!$B$4:$B$848,0)),MATCH(B16,'4. Base Mestre (845 Produtos)'!$B$4:$B$848,0),0))),IF(ISNUMBER(MATCH(D16,'3. Dicionario Principios Ativos'!$A$4:$A$245,0)),INDEX('3. Dicionario Principios Ativos'!$L$4:$L$245,MATCH(D16,'3. Dicionario Principios Ativos'!$A$4:$A$245,0)),"Verificar NCM"))) -> Beneficiado (Lei 10.925/04): 0% até Mar/26 | 0,925% Real / 0,365% Pres. pós-Abr/26 (LC 224/25) | W16: =IF(B16="","",IF(IF(ISNUMBER(MATCH(A16,'4. Base Mestre (845 Produtos)'!$A$4:$A$848,0)),MATCH(A16,'4. Base Mestre (845 Produtos)'!$A$4:$A$848,0),IF(ISNUMBER(MATCH(B16,'4. Base Mestre (845 Produtos)'!$B$4:$B$848,0)),MATCH(B16,'4. Base Mestre (845 Produtos)'!$B$4:$B$848,0),0))>0,INDEX('4. Base Mestre (845 Produtos)'!$T$4:$T$848,IF(ISNUMBER(MATCH(A16,'4. Base Mestre (845 Produtos)'!$A$4:$A$848,0)),MATCH(A16,'4. Base Mestre (845 Produtos)'!$A$4:$A$848,0),IF(ISNUMBER(MATCH(B16,'4. Base Mestre (845 Produtos)'!$B$4:$B$848,0)),MATCH(B16,'4. Base Mestre (845 Produtos)'!$B$4:$B$848,0),0))),IF(ISNUMBER(MATCH(D16,'3. Dicionario Principios Ativos'!$A$4:$A$245,0)),INDEX('3. Dicionario Principios Ativos'!$M$4:$M$245,MATCH(D16,'3. Dicionario Principios Ativos'!$A$4:$A$245,0)),"Verificar CST"))) -> Saída: CST 06 (c/ Ajuste M220/M620 pós-Abr/26) | Entrada Revenda: CST 73 | X16: =IF(B16="","",IF(AND(LEFT(M16,8)="CONFORME",LEFT(P16,8)="CONFORME",LEFT(R16,8)="CONFORME",LEFT(S16,8)="CONFORME",LEFT(U16,8)="CONFORME"),"CADASTRO 100% CONFORME — LIBERADO P/ ERP",IF(AND(LEFT(M16,8)="CONFORME",LEFT(P16,8)="CONFORME",LEFT(R16,8)="CONFORME",LEFT(S16,8)="CONFORME",OR(LEFT(U16,7)="ADEQUAR",LEFT(U16,8)="VINCULAR")),"FISCAL E EMBALAGEM OK — ADEQUAR CAMPO MAPA (SIPEAGRO / MARCA)","BLOQUEADO — CORRIGIR DIVERGÊNCIAS APONTADAS ANTES DE LIBERAR NO ERP"))) -> BLOQUEADO — CORRIGIR DIVERGÊNCIAS APONTADAS ANTES DE LIBERAR NO ERP
A17: 3068 | B17: INSECTRIN 2X10L (IMP) RR | C17: L | D17: BIFENTRINA 400 | E17: 3808.62.90 | F17: 6922 | H17: Cenário 09 [Erro NCM x Emb.]: Insectrin 2X10L (10L >7,5kg) cadastrado em 3808.62.90 (<=7,5kg) | I17: =IF(B17="","",IF(ISNUMBER(MATCH(A17,'4. Base Mestre (845 Produtos)'!$A$4:$A$848,0)),"Localizado por Código ("&A17&") na Base Mestre",IF(ISNUMBER(MATCH(B17,'4. Base Mestre (845 Produtos)'!$B$4:$B$848,0)),"Localizado por Descrição na Base Mestre",IF(ISNUMBER(MATCH(D17,'3. Dicionario Principios Ativos'!$A$4:$A$245,0)),"Produto Novo — Validado pelo Dicionário de P.A.","Não Localizado — Revisar Código/P.A.")))) -> Localizado por Código (3068) na Base Mestre | J17: =IF(B17="","",IF(IF(ISNUMBER(MATCH(A17,'4. Base Mestre (845 Produtos)'!$A$4:$A$848,0)),MATCH(A17,'4. Base Mestre (845 Produtos)'!$A$4:$A$848,0),IF(ISNUMBER(MATCH(B17,'4. Base Mestre (845 Produtos)'!$B$4:$B$848,0)),MATCH(B17,'4. Base Mestre (845 Produtos)'!$B$4:$B$848,0),0))>0,INDEX('4. Base Mestre (845 Produtos)'!$I$4:$I$848,IF(ISNUMBER(MATCH(A17,'4. Base Mestre (845 Produtos)'!$A$4:$A$848,0)),MATCH(A17,'4. Base Mestre (845 Produtos)'!$A$4:$A$848,0),IF(ISNUMBER(MATCH(B17,'4. Base Mestre (845 Produtos)'!$B$4:$B$848,0)),MATCH(B17,'4. Base Mestre (845 Produtos)'!$B$4:$B$848,0),0))),IF(ISNUMBER(MATCH(D17,'3. Dicionario Principios Ativos'!$A$4:$A$245,0)),INDEX('3. Dicionario Principios Ativos'!$B$4:$B$245,MATCH(D17,'3. Dicionario Principios Ativos'!$A$4:$A$245,0)),"Revisar Classificação"))) -> Defensivos — Inseticida e Acaricida | K17: =IF(B17="","",IF(G17<>"",G17,IF(OR(ISNUMBER(SEARCH("PRINCIPIO ATIVO",B17)),ISNUMBER(SEARCH("PRINC. ATIVO",B17)),ISNUMBER(SEARCH("PR. ATIVO",B17)),ISNUMBER(SEARCH("PR.AT.",B17)),ISNUMBER(SEARCH("(P.A",B17)),ISNUMBER(SEARCH("(P. A",B17))),0,IF(OR(ISNUMBER(SEARCH("0,100KG",B17)),ISNUMBER(SEARCH("0,1KG",B17)),ISNUMBER(SEARCH("0,100L",B17))),0.1,IF(OR(ISNUMBER(SEARCH("0,200L",B17)),ISNUMBER(SEARCH("0,2L",B17)),ISNUMBER(SEARCH("0,200KG",B17)),ISNUMBER(SEARCH("0,2KG",B17))),0.2,IF(OR(ISNUMBER(SEARCH("0,240KG",B17)),ISNUMBER(SEARCH("0,250L",B17))),0.24,IF(OR(ISNUMBER(SEARCH("0,300KG",B17)),ISNUMBER(SEARCH("0,3KG",B17))),0.3,IF(OR(ISNUMBER(SEARCH("0,500L",B17)),ISNUMBER(SEARCH("0,5L",B17)),ISNUMBER(SEARCH("0,5KG",B17))),0.5,IF(ISNUMBER(SEARCH("0,8KG",B17)),0.8,IF(OR(ISNUMBER(SEARCH("1,5L",B17)),ISNUMBER(SEARCH("1,5KG",B17))),1.5,IF(OR(ISNUMBER(SEARCH("1,75L",B17)),ISNUMBER(SEARCH("1,8L",B17)),ISNUMBER(SEARCH("1.8L",B17))),1.8,IF(ISNUMBER(SEARCH("4,5KG",B17)),4.5,IF(ISNUMBER(SEARCH("7,5KG",B17)),7.5,IF(OR(ISNUMBER(SEARCH("1000L",B17)),ISNUMBER(SEARCH("1000KG",B17)),ISNUMBER(SEARCH("1.000KG",B17)),ISNUMBER(SEARCH("1.000L",B17)),ISNUMBER(SEARCH("1000 KG",B17)),ISNUMBER(SEARCH("GRANEL",B17)),ISNUMBER(SEARCH("(TON)",B17))),1000,IF(ISNUMBER(SEARCH("200L",B17)),200,IF(OR(ISNUMBER(SEARCH("25KG",B17)),ISNUMBER(SEARCH("25L",B17))),25,IF(OR(ISNUMBER(SEARCH("20L",B17)),ISNUMBER(SEARCH("20KG",B17))),20,IF(ISNUMBER(SEARCH("15KG",B17)),15,IF(OR(ISNUMBER(SEARCH("10L",B17)),ISNUMBER(SEARCH("10KG",B17))),10,IF(OR(ISNUMBER(SEARCH("5L",B17)),ISNUMBER(SEARCH("5KG",B17)),ISNUMBER(SEARCH("5LT",B17))),5,IF(OR(ISNUMBER(SEARCH("3KG",B17)),ISNUMBER(SEARCH("3L",B17))),3,IF(OR(ISNUMBER(SEARCH("2L",B17)),ISNUMBER(SEARCH("2KG",B17))),2,IF(OR(ISNUMBER(SEARCH("1L",B17)),ISNUMBER(SEARCH("1KG",B17)),ISNUMBER(SEARCH("1LT",B17))),1,IF(IF(ISNUMBER(MATCH(A17,'4. Base Mestre (845 Produtos)'!$A$4:$A$848,0)),MATCH(A17,'4. Base Mestre (845 Produtos)'!$A$4:$A$848,0),IF(ISNUMBER(MATCH(B17,'4. Base Mestre (845 Produtos)'!$B$4:$B$848,0)),MATCH(B17,'4. Base Mestre (845 Produtos)'!$B$4:$B$848,0),0))>0,INDEX('4. Base Mestre (845 Produtos)'!$D$4:$D$848,IF(ISNUMBER(MATCH(A17,'4. Base Mestre (845 Produtos)'!$A$4:$A$848,0)),MATCH(A17,'4. Base Mestre (845 Produtos)'!$A$4:$A$848,0),IF(ISNUMBER(MATCH(B17,'4. Base Mestre (845 Produtos)'!$B$4:$B$848,0)),MATCH(B17,'4. Base Mestre (845 Produtos)'!$B$4:$B$848,0),0))),1)))))))))))))))))))))))) -> 10 | L17: =IF(B17="","",IF(OR(ISNUMBER(SEARCH("KG",B17)),ISNUMBER(SEARCH("GR",B17))),"KG",IF(OR(ISNUMBER(SEARCH("0,200L",B17)),ISNUMBER(SEARCH("0,2L",B17)),ISNUMBER(SEARCH("0,5L",B17)),ISNUMBER(SEARCH("1,5L",B17)),ISNUMBER(SEARCH("1,8L",B17)),ISNUMBER(SEARCH("1.8L",B17)),ISNUMBER(SEARCH("1L",B17)),ISNUMBER(SEARCH("2L",B17)),ISNUMBER(SEARCH("3L",B17)),ISNUMBER(SEARCH("5L",B17)),ISNUMBER(SEARCH("10L",B17)),ISNUMBER(SEARCH("20L",B17)),ISNUMBER(SEARCH("25L",B17)),ISNUMBER(SEARCH("200L",B17)),ISNUMBER(SEARCH("1000L",B17)),ISNUMBER(SEARCH("LT",B17))),"L",IF(IF(ISNUMBER(MATCH(A17,'4. Base Mestre (845 Produtos)'!$A$4:$A$848,0)),MATCH(A17,'4. Base Mestre (845 Produtos)'!$A$4:$A$848,0),IF(ISNUMBER(MATCH(B17,'4. Base Mestre (845 Produtos)'!$B$4:$B$848,0)),MATCH(B17,'4. Base Mestre (845 Produtos)'!$B$4:$B$848,0),0))>0,INDEX('4. Base Mestre (845 Produtos)'!$E$4:$E$848,IF(ISNUMBER(MATCH(A17,'4. Base Mestre (845 Produtos)'!$A$4:$A$848,0)),MATCH(A17,'4. Base Mestre (845 Produtos)'!$A$4:$A$848,0),IF(ISNUMBER(MATCH(B17,'4. Base Mestre (845 Produtos)'!$B$4:$B$848,0)),MATCH(B17,'4. Base Mestre (845 Produtos)'!$B$4:$B$848,0),0))),C17)))) -> L | M17: =IF(B17="","",IF(C17=L17,"CONFORME — Unidade ("&C17&") compatível c/ Embalagem","DIVERGENTE — Embalagem em "&L17&", mas cadastrado em "&C17)) -> CONFORME — Unidade (L) compatível c/ Embalagem | N17: =IF(B17="","",IF(K17=0,"Granel / Produto Técnico (Sem Embalagem Comercial)",IF(K17<=0.3001,"Faixa 1 TIPI: Até 300g/mL (3808.61.00 / 3105.10.00)",IF(K17<=7.5001,"Faixa 2 TIPI: De 300g a 7,5kg/L (3808.62.90 / 3105.10.00)",IF(K17<=10.0001,"Faixa 3 TIPI: De 7,5kg a 10kg/L (3808.69.90 / 3105.10.00)","Faixa 4 TIPI: Acima de 10kg/L (3808.69.90 / Cap. 31 Geral)"))))) -> Faixa 3 TIPI: De 7,5kg a 10kg/L (3808.69.90 / 3105.10.00) | O17: =IF(B17="","",IF(IF(ISNUMBER(MATCH(A17,'4. Base Mestre (845 Produtos)'!$A$4:$A$848,0)),MATCH(A17,'4. Base Mestre (845 Produtos)'!$A$4:$A$848,0),IF(ISNUMBER(MATCH(B17,'4. Base Mestre (845 Produtos)'!$B$4:$B$848,0)),MATCH(B17,'4. Base Mestre (845 Produtos)'!$B$4:$B$848,0),0))>0,INDEX('4. Base Mestre (845 Produtos)'!$H$4:$H$848,IF(ISNUMBER(MATCH(A17,'4. Base Mestre (845 Produtos)'!$A$4:$A$848,0)),MATCH(A17,'4. Base Mestre (845 Produtos)'!$A$4:$A$848,0),IF(ISNUMBER(MATCH(B17,'4. Base Mestre (845 Produtos)'!$B$4:$B$848,0)),MATCH(B17,'4. Base Mestre (845 Produtos)'!$B$4:$B$848,0),0))),IF(ISNUMBER(MATCH(D17,'3. Dicionario Principios Ativos'!$A$4:$A$245,0)),INDEX('3. Dicionario Principios Ativos'!$A$4:$A$245,MATCH(D17,'3. Dicionario Principios Ativos'!$A$4:$A$245,0)),D17))) -> BIFENTRINA 400 | P17: =IF(B17="","",IF(D17=O17,"CONFORME — Princípio Ativo Validado","DIVERGENTE — Substituir por: "&O17)) -> CONFORME — Princípio Ativo Validado | Q17: =IF(B17="","",IF(IF(IF(ISNUMBER(MATCH(A17,'4. Base Mestre (845 Produtos)'!$A$4:$A$848,0)),MATCH(A17,'4. Base Mestre (845 Produtos)'!$A$4:$A$848,0),IF(ISNUMBER(MATCH(B17,'4. Base Mestre (845 Produtos)'!$B$4:$B$848,0)),MATCH(B17,'4. Base Mestre (845 Produtos)'!$B$4:$B$848,0),0))>0,INDEX('4. Base Mestre (845 Produtos)'!$J$4:$J$848,IF(ISNUMBER(MATCH(A17,'4. Base Mestre (845 Produtos)'!$A$4:$A$848,0)),MATCH(A17,'4. Base Mestre (845 Produtos)'!$A$4:$A$848,0),IF(ISNUMBER(MATCH(B17,'4. Base Mestre (845 Produtos)'!$B$4:$B$848,0)),MATCH(B17,'4. Base Mestre (845 Produtos)'!$B$4:$B$848,0),0)))="SIM",IF(ISNUMBER(MATCH(D17,'3. Dicionario Principios Ativos'!$A$4:$A$245,0)),INDEX('3. Dicionario Principios Ativos'!$C$4:$C$245,MATCH(D17,'3. Dicionario Principios Ativos'!$A$4:$A$245,0))="SIM",FALSE())),IF(AND(K17>0,K17<=0.3001),"3808.61.00",IF(AND(K17>0.3001,K17<=7.5001),"3808.62.90","3808.69.90")),IF(AND(LEFT(IF(IF(ISNUMBER(MATCH(A17,'4. Base Mestre (845 Produtos)'!$A$4:$A$848,0)),MATCH(A17,'4. Base Mestre (845 Produtos)'!$A$4:$A$848,0),IF(ISNUMBER(MATCH(B17,'4. Base Mestre (845 Produtos)'!$B$4:$B$848,0)),MATCH(B17,'4. Base Mestre (845 Produtos)'!$B$4:$B$848,0),0))>0,INDEX('4. Base Mestre (845 Produtos)'!$L$4:$L$848,IF(ISNUMBER(MATCH(A17,'4. Base Mestre (845 Produtos)'!$A$4:$A$848,0)),MATCH(A17,'4. Base Mestre (845 Produtos)'!$A$4:$A$848,0),IF(ISNUMBER(MATCH(B17,'4. Base Mestre (845 Produtos)'!$B$4:$B$848,0)),MATCH(B17,'4. Base Mestre (845 Produtos)'!$B$4:$B$848,0),0))),IF(ISNUMBER(MATCH(D17,'3. Dicionario Principios Ativos'!$A$4:$A$245,0)),INDEX('3. Dicionario Principios Ativos'!$D$4:$D$245,MATCH(D17,'3. Dicionario Principios Ativos'!$A$4:$A$245,0)),E17)),2)="31",E17="3105.10.00",K17>0,K17<=10.0001),"3105.10.00",IF(AND(IF(IF(ISNUMBER(MATCH(A17,'4. Base Mestre (845 Produtos)'!$A$4:$A$848,0)),MATCH(A17,'4. Base Mestre (845 Produtos)'!$A$4:$A$848,0),IF(ISNUMBER(MATCH(B17,'4. Base Mestre (845 Produtos)'!$B$4:$B$848,0)),MATCH(B17,'4. Base Mestre (845 Produtos)'!$B$4:$B$848,0),0))>0,INDEX('4. Base Mestre (845 Produtos)'!$L$4:$L$848,IF(ISNUMBER(MATCH(A17,'4. Base Mestre (845 Produtos)'!$A$4:$A$848,0)),MATCH(A17,'4. Base Mestre (845 Produtos)'!$A$4:$A$848,0),IF(ISNUMBER(MATCH(B17,'4. Base Mestre (845 Produtos)'!$B$4:$B$848,0)),MATCH(B17,'4. Base Mestre (845 Produtos)'!$B$4:$B$848,0),0))),IF(ISNUMBER(MATCH(D17,'3. Dicionario Principios Ativos'!$A$4:$A$245,0)),INDEX('3. Dicionario Principios Ativos'!$D$4:$D$245,MATCH(D17,'3. Dicionario Principios Ativos'!$A$4:$A$245,0)),E17))="3105.10.00",K17>10.0001),"3105.90.90",IF(IF(ISNUMBER(MATCH(A17,'4. Base Mestre (845 Produtos)'!$A$4:$A$848,0)),MATCH(A17,'4. Base Mestre (845 Produtos)'!$A$4:$A$848,0),IF(ISNUMBER(MATCH(B17,'4. Base Mestre (845 Produtos)'!$B$4:$B$848,0)),MATCH(B17,'4. Base Mestre (845 Produtos)'!$B$4:$B$848,0),0))>0,INDEX('4. Base Mestre (845 Produtos)'!$L$4:$L$848,IF(ISNUMBER(MATCH(A17,'4. Base Mestre (845 Produtos)'!$A$4:$A$848,0)),MATCH(A17,'4. Base Mestre (845 Produtos)'!$A$4:$A$848,0),IF(ISNUMBER(MATCH(B17,'4. Base Mestre (845 Produtos)'!$B$4:$B$848,0)),MATCH(B17,'4. Base Mestre (845 Produtos)'!$B$4:$B$848,0),0))),IF(ISNUMBER(MATCH(D17,'3. Dicionario Principios Ativos'!$A$4:$A$245,0)),INDEX('3. Dicionario Principios Ativos'!$D$4:$D$245,MATCH(D17,'3. Dicionario Principios Ativos'!$A$4:$A$245,0)),E17)))))) -> 3808.69.90 | R17: =IF(B17="","",IF(OR(E17=Q17,AND(Q17="3002.49.99",E17="3002.90.00")),"CONFORME — NCM "&E17&" Correta na TIPI","DIVERGENTE — Substituir "&E17&" por "&Q17)) -> DIVERGENTE — Substituir 3808.62.90 por 3808.69.90 | S17: =IF(B17="","",IF(AND(E17="3808.61.00",OR(K17>0.3001,K17=0)),"INCOMPATÍVEL — NCM 3808.61.00 exige emb. <= 0,3kg/L (Emb. atual: "&K17&" "&L17&" -> usar "&Q17&")",IF(AND(LEFT(E17,7)="3808.62",OR(K17<=0.3001,K17>7.5001)),"INCOMPATÍVEL — NCM 3808.62 exige emb. de 0,3 a 7,5kg/L (Emb. atual: "&K17&" "&L17&" -> usar "&Q17&")",IF(AND(LEFT(E17,7)="3808.69",K17>0,K17<=7.5001),"INCOMPATÍVEL — NCM 3808.69 exige emb. > 7,5kg/L (Emb. atual: "&K17&" "&L17&" -> usar "&Q17&")",IF(AND(LEFT(Q17,6)="3808.6",LEFT(E17,6)<>"3808.6"),"INCOMPATÍVEL — Molécula Nota Subpos. 2 c/ emb. "&K17&" "&L17&" exige NCM "&Q17,IF(AND(OR(E17="3808.91.19",E17="3808.92.19",E17="3808.93.19",E17="3808.99.19"),K17>=1),"INCOMPATÍVEL — Subitem .19 (Domissanitário) vedado p/ emb. agrícola de "&K17&" "&L17,IF(AND(E17="3105.10.00",K17>10.0001),"INCOMPATÍVEL — NCM 3105.10.00 exige peso bruto <= 10kg (Emb. atual: "&K17&" "&L17&" -> usar 3105.90.90)",IF(AND(LEFT(E17,2)="29",LEFT(Q17,4)="3808",K17>0),"INCOMPATÍVEL — Produto formulado em emb. comercial ("&K17&" "&L17&") vedado no Cap. 29 -> usar "&Q17,"CONFORME — Embalagem ("&K17&" "&L17&") compatível c/ a NCM")))))))) -> INCOMPATÍVEL — NCM 3808.62 exige emb. de 0,3 a 7,5kg/L (Emb. atual: 10 L -> usar 3808.69.90) | T17: =IF(B17="","",IF(IF(ISNUMBER(MATCH(A17,'4. Base Mestre (845 Produtos)'!$A$4:$A$848,0)),MATCH(A17,'4. Base Mestre (845 Produtos)'!$A$4:$A$848,0),IF(ISNUMBER(MATCH(B17,'4. Base Mestre (845 Produtos)'!$B$4:$B$848,0)),MATCH(B17,'4. Base Mestre (845 Produtos)'!$B$4:$B$848,0),0))>0,INDEX('4. Base Mestre (845 Produtos)'!$P$4:$P$848,IF(ISNUMBER(MATCH(A17,'4. Base Mestre (845 Produtos)'!$A$4:$A$848,0)),MATCH(A17,'4. Base Mestre (845 Produtos)'!$A$4:$A$848,0),IF(ISNUMBER(MATCH(B17,'4. Base Mestre (845 Produtos)'!$B$4:$B$848,0)),MATCH(B17,'4. Base Mestre (845 Produtos)'!$B$4:$B$848,0),0))),IF(ISNUMBER(MATCH(D17,'3. Dicionario Principios Ativos'!$A$4:$A$245,0)),INDEX('3. Dicionario Principios Ativos'!$K$4:$K$245,MATCH(D17,'3. Dicionario Principios Ativos'!$A$4:$A$245,0)),"VERIFICAR BULA"))) -> 6922 | U17: =IF(B17="","",IF(ISNUMBER(SEARCH("ISENTO",T17)),IF(OR(F17=0,F17="0",F17="ISENTO",F17=""),"CONFORME (DISPENSADO) — Isento pelo Ato SDA/MAPA nº 104/2017","INCORRETO — Produto isento de registro MAPA (usar 0 ou ISENTO)"),IF(ISNUMBER(SEARCH("SIPEAGRO",T17)),IF(ISNUMBER(SEARCH("-",F17)),"CONFORME — Registro SIPEAGRO ("&F17&") Preenchido","ADEQUAR P/ SIPEAGRO — Substituir 0 pelo Registro (UF-XXXXX-XXXXX.X)"),IF(ISNUMBER(SEARCH("VINCULAR",T17)),IF(AND(F17<>0,F17<>"0",F17<>""),"INCORRETO / TROCADO — Código "&F17&" pertence a outro produto (Vincular bula da marca)","VINCULAR MARCA — Cadastro de P.A. s/ marca fixa (Vincular registro na NF-e)"),IF(OR(F17=0,F17="0",F17=""),"AUSENTE (ZERO) — Preencher Registro Oficial MAPA nº "&T17,IF(TEXT(F17,"0")=TEXT(T17,"0"),"CONFORME — Registro MAPA nº "&T17&" Validado na Bula","INCORRETO / TROCADO — Substituir "&F17&" pelo Registro Oficial nº "&T17)))))) -> CONFORME — Registro MAPA nº 6922 Validado na Bula | V17: =IF(B17="","",IF(IF(ISNUMBER(MATCH(A17,'4. Base Mestre (845 Produtos)'!$A$4:$A$848,0)),MATCH(A17,'4. Base Mestre (845 Produtos)'!$A$4:$A$848,0),IF(ISNUMBER(MATCH(B17,'4. Base Mestre (845 Produtos)'!$B$4:$B$848,0)),MATCH(B17,'4. Base Mestre (845 Produtos)'!$B$4:$B$848,0),0))>0,INDEX('4. Base Mestre (845 Produtos)'!$S$4:$S$848,IF(ISNUMBER(MATCH(A17,'4. Base Mestre (845 Produtos)'!$A$4:$A$848,0)),MATCH(A17,'4. Base Mestre (845 Produtos)'!$A$4:$A$848,0),IF(ISNUMBER(MATCH(B17,'4. Base Mestre (845 Produtos)'!$B$4:$B$848,0)),MATCH(B17,'4. Base Mestre (845 Produtos)'!$B$4:$B$848,0),0))),IF(ISNUMBER(MATCH(D17,'3. Dicionario Principios Ativos'!$A$4:$A$245,0)),INDEX('3. Dicionario Principios Ativos'!$L$4:$L$245,MATCH(D17,'3. Dicionario Principios Ativos'!$A$4:$A$245,0)),"Verificar NCM"))) -> Beneficiado (Lei 10.925/04): 0% até Mar/26 | 0,925% Real / 0,365% Pres. pós-Abr/26 (LC 224/25) | W17: =IF(B17="","",IF(IF(ISNUMBER(MATCH(A17,'4. Base Mestre (845 Produtos)'!$A$4:$A$848,0)),MATCH(A17,'4. Base Mestre (845 Produtos)'!$A$4:$A$848,0),IF(ISNUMBER(MATCH(B17,'4. Base Mestre (845 Produtos)'!$B$4:$B$848,0)),MATCH(B17,'4. Base Mestre (845 Produtos)'!$B$4:$B$848,0),0))>0,INDEX('4. Base Mestre (845 Produtos)'!$T$4:$T$848,IF(ISNUMBER(MATCH(A17,'4. Base Mestre (845 Produtos)'!$A$4:$A$848,0)),MATCH(A17,'4. Base Mestre (845 Produtos)'!$A$4:$A$848,0),IF(ISNUMBER(MATCH(B17,'4. Base Mestre (845 Produtos)'!$B$4:$B$848,0)),MATCH(B17,'4. Base Mestre (845 Produtos)'!$B$4:$B$848,0),0))),IF(ISNUMBER(MATCH(D17,'3. Dicionario Principios Ativos'!$A$4:$A$245,0)),INDEX('3. Dicionario Principios Ativos'!$M$4:$M$245,MATCH(D17,'3. Dicionario Principios Ativos'!$A$4:$A$245,0)),"Verificar CST"))) -> Saída: CST 06 (c/ Ajuste M220/M620 pós-Abr/26) | Entrada Revenda: CST 73 | X17: =IF(B17="","",IF(AND(LEFT(M17,8)="CONFORME",LEFT(P17,8)="CONFORME",LEFT(R17,8)="CONFORME",LEFT(S17,8)="CONFORME",LEFT(U17,8)="CONFORME"),"CADASTRO 100% CONFORME — LIBERADO P/ ERP",IF(AND(LEFT(M17,8)="CONFORME",LEFT(P17,8)="CONFORME",LEFT(R17,8)="CONFORME",LEFT(S17,8)="CONFORME",OR(LEFT(U17,7)="ADEQUAR",LEFT(U17,8)="VINCULAR")),"FISCAL E EMBALAGEM OK — ADEQUAR CAMPO MAPA (SIPEAGRO / MARCA)","BLOQUEADO — CORRIGIR DIVERGÊNCIAS APONTADAS ANTES DE LIBERAR NO ERP"))) -> BLOQUEADO — CORRIGIR DIVERGÊNCIAS APONTADAS ANTES DE LIBERAR NO ERP
A18: 4490 | B18: INSECTRIN 0,200L (IMP) AMOSTRA | C18: L | D18: BIFENTRINA 400 | E18: 3808.62.90 | F18: 6922 | H18: Cenário 10 [Erro NCM x Emb.]: Insectrin 0,200L (<=0,3L) cadastrado em 3808.62.90 em vez de 3808.61.00 | I18: =IF(B18="","",IF(ISNUMBER(MATCH(A18,'4. Base Mestre (845 Produtos)'!$A$4:$A$848,0)),"Localizado por Código ("&A18&") na Base Mestre",IF(ISNUMBER(MATCH(B18,'4. Base Mestre (845 Produtos)'!$B$4:$B$848,0)),"Localizado por Descrição na Base Mestre",IF(ISNUMBER(MATCH(D18,'3. Dicionario Principios Ativos'!$A$4:$A$245,0)),"Produto Novo — Validado pelo Dicionário de P.A.","Não Localizado — Revisar Código/P.A.")))) -> Localizado por Código (4490) na Base Mestre | J18: =IF(B18="","",IF(IF(ISNUMBER(MATCH(A18,'4. Base Mestre (845 Produtos)'!$A$4:$A$848,0)),MATCH(A18,'4. Base Mestre (845 Produtos)'!$A$4:$A$848,0),IF(ISNUMBER(MATCH(B18,'4. Base Mestre (845 Produtos)'!$B$4:$B$848,0)),MATCH(B18,'4. Base Mestre (845 Produtos)'!$B$4:$B$848,0),0))>0,INDEX('4. Base Mestre (845 Produtos)'!$I$4:$I$848,IF(ISNUMBER(MATCH(A18,'4. Base Mestre (845 Produtos)'!$A$4:$A$848,0)),MATCH(A18,'4. Base Mestre (845 Produtos)'!$A$4:$A$848,0),IF(ISNUMBER(MATCH(B18,'4. Base Mestre (845 Produtos)'!$B$4:$B$848,0)),MATCH(B18,'4. Base Mestre (845 Produtos)'!$B$4:$B$848,0),0))),IF(ISNUMBER(MATCH(D18,'3. Dicionario Principios Ativos'!$A$4:$A$245,0)),INDEX('3. Dicionario Principios Ativos'!$B$4:$B$245,MATCH(D18,'3. Dicionario Principios Ativos'!$A$4:$A$245,0)),"Revisar Classificação"))) -> Defensivos — Inseticida e Acaricida | K18: =IF(B18="","",IF(G18<>"",G18,IF(OR(ISNUMBER(SEARCH("PRINCIPIO ATIVO",B18)),ISNUMBER(SEARCH("PRINC. ATIVO",B18)),ISNUMBER(SEARCH("PR. ATIVO",B18)),ISNUMBER(SEARCH("PR.AT.",B18)),ISNUMBER(SEARCH("(P.A",B18)),ISNUMBER(SEARCH("(P. A",B18))),0,IF(OR(ISNUMBER(SEARCH("0,100KG",B18)),ISNUMBER(SEARCH("0,1KG",B18)),ISNUMBER(SEARCH("0,100L",B18))),0.1,IF(OR(ISNUMBER(SEARCH("0,200L",B18)),ISNUMBER(SEARCH("0,2L",B18)),ISNUMBER(SEARCH("0,200KG",B18)),ISNUMBER(SEARCH("0,2KG",B18))),0.2,IF(OR(ISNUMBER(SEARCH("0,240KG",B18)),ISNUMBER(SEARCH("0,250L",B18))),0.24,IF(OR(ISNUMBER(SEARCH("0,300KG",B18)),ISNUMBER(SEARCH("0,3KG",B18))),0.3,IF(OR(ISNUMBER(SEARCH("0,500L",B18)),ISNUMBER(SEARCH("0,5L",B18)),ISNUMBER(SEARCH("0,5KG",B18))),0.5,IF(ISNUMBER(SEARCH("0,8KG",B18)),0.8,IF(OR(ISNUMBER(SEARCH("1,5L",B18)),ISNUMBER(SEARCH("1,5KG",B18))),1.5,IF(OR(ISNUMBER(SEARCH("1,75L",B18)),ISNUMBER(SEARCH("1,8L",B18)),ISNUMBER(SEARCH("1.8L",B18))),1.8,IF(ISNUMBER(SEARCH("4,5KG",B18)),4.5,IF(ISNUMBER(SEARCH("7,5KG",B18)),7.5,IF(OR(ISNUMBER(SEARCH("1000L",B18)),ISNUMBER(SEARCH("1000KG",B18)),ISNUMBER(SEARCH("1.000KG",B18)),ISNUMBER(SEARCH("1.000L",B18)),ISNUMBER(SEARCH("1000 KG",B18)),ISNUMBER(SEARCH("GRANEL",B18)),ISNUMBER(SEARCH("(TON)",B18))),1000,IF(ISNUMBER(SEARCH("200L",B18)),200,IF(OR(ISNUMBER(SEARCH("25KG",B18)),ISNUMBER(SEARCH("25L",B18))),25,IF(OR(ISNUMBER(SEARCH("20L",B18)),ISNUMBER(SEARCH("20KG",B18))),20,IF(ISNUMBER(SEARCH("15KG",B18)),15,IF(OR(ISNUMBER(SEARCH("10L",B18)),ISNUMBER(SEARCH("10KG",B18))),10,IF(OR(ISNUMBER(SEARCH("5L",B18)),ISNUMBER(SEARCH("5KG",B18)),ISNUMBER(SEARCH("5LT",B18))),5,IF(OR(ISNUMBER(SEARCH("3KG",B18)),ISNUMBER(SEARCH("3L",B18))),3,IF(OR(ISNUMBER(SEARCH("2L",B18)),ISNUMBER(SEARCH("2KG",B18))),2,IF(OR(ISNUMBER(SEARCH("1L",B18)),ISNUMBER(SEARCH("1KG",B18)),ISNUMBER(SEARCH("1LT",B18))),1,IF(IF(ISNUMBER(MATCH(A18,'4. Base Mestre (845 Produtos)'!$A$4:$A$848,0)),MATCH(A18,'4. Base Mestre (845 Produtos)'!$A$4:$A$848,0),IF(ISNUMBER(MATCH(B18,'4. Base Mestre (845 Produtos)'!$B$4:$B$848,0)),MATCH(B18,'4. Base Mestre (845 Produtos)'!$B$4:$B$848,0),0))>0,INDEX('4. Base Mestre (845 Produtos)'!$D$4:$D$848,IF(ISNUMBER(MATCH(A18,'4. Base Mestre (845 Produtos)'!$A$4:$A$848,0)),MATCH(A18,'4. Base Mestre (845 Produtos)'!$A$4:$A$848,0),IF(ISNUMBER(MATCH(B18,'4. Base Mestre (845 Produtos)'!$B$4:$B$848,0)),MATCH(B18,'4. Base Mestre (845 Produtos)'!$B$4:$B$848,0),0))),1)))))))))))))))))))))))) -> 0.2 | L18: =IF(B18="","",IF(OR(ISNUMBER(SEARCH("KG",B18)),ISNUMBER(SEARCH("GR",B18))),"KG",IF(OR(ISNUMBER(SEARCH("0,200L",B18)),ISNUMBER(SEARCH("0,2L",B18)),ISNUMBER(SEARCH("0,5L",B18)),ISNUMBER(SEARCH("1,5L",B18)),ISNUMBER(SEARCH("1,8L",B18)),ISNUMBER(SEARCH("1.8L",B18)),ISNUMBER(SEARCH("1L",B18)),ISNUMBER(SEARCH("2L",B18)),ISNUMBER(SEARCH("3L",B18)),ISNUMBER(SEARCH("5L",B18)),ISNUMBER(SEARCH("10L",B18)),ISNUMBER(SEARCH("20L",B18)),ISNUMBER(SEARCH("25L",B18)),ISNUMBER(SEARCH("200L",B18)),ISNUMBER(SEARCH("1000L",B18)),ISNUMBER(SEARCH("LT",B18))),"L",IF(IF(ISNUMBER(MATCH(A18,'4. Base Mestre (845 Produtos)'!$A$4:$A$848,0)),MATCH(A18,'4. Base Mestre (845 Produtos)'!$A$4:$A$848,0),IF(ISNUMBER(MATCH(B18,'4. Base Mestre (845 Produtos)'!$B$4:$B$848,0)),MATCH(B18,'4. Base Mestre (845 Produtos)'!$B$4:$B$848,0),0))>0,INDEX('4. Base Mestre (845 Produtos)'!$E$4:$E$848,IF(ISNUMBER(MATCH(A18,'4. Base Mestre (845 Produtos)'!$A$4:$A$848,0)),MATCH(A18,'4. Base Mestre (845 Produtos)'!$A$4:$A$848,0),IF(ISNUMBER(MATCH(B18,'4. Base Mestre (845 Produtos)'!$B$4:$B$848,0)),MATCH(B18,'4. Base Mestre (845 Produtos)'!$B$4:$B$848,0),0))),C18)))) -> L | M18: =IF(B18="","",IF(C18=L18,"CONFORME — Unidade ("&C18&") compatível c/ Embalagem","DIVERGENTE — Embalagem em "&L18&", mas cadastrado em "&C18)) -> CONFORME — Unidade (L) compatível c/ Embalagem | N18: =IF(B18="","",IF(K18=0,"Granel / Produto Técnico (Sem Embalagem Comercial)",IF(K18<=0.3001,"Faixa 1 TIPI: Até 300g/mL (3808.61.00 / 3105.10.00)",IF(K18<=7.5001,"Faixa 2 TIPI: De 300g a 7,5kg/L (3808.62.90 / 3105.10.00)",IF(K18<=10.0001,"Faixa 3 TIPI: De 7,5kg a 10kg/L (3808.69.90 / 3105.10.00)","Faixa 4 TIPI: Acima de 10kg/L (3808.69.90 / Cap. 31 Geral)"))))) -> Faixa 1 TIPI: Até 300g/mL (3808.61.00 / 3105.10.00) | O18: =IF(B18="","",IF(IF(ISNUMBER(MATCH(A18,'4. Base Mestre (845 Produtos)'!$A$4:$A$848,0)),MATCH(A18,'4. Base Mestre (845 Produtos)'!$A$4:$A$848,0),IF(ISNUMBER(MATCH(B18,'4. Base Mestre (845 Produtos)'!$B$4:$B$848,0)),MATCH(B18,'4. Base Mestre (845 Produtos)'!$B$4:$B$848,0),0))>0,INDEX('4. Base Mestre (845 Produtos)'!$H$4:$H$848,IF(ISNUMBER(MATCH(A18,'4. Base Mestre (845 Produtos)'!$A$4:$A$848,0)),MATCH(A18,'4. Base Mestre (845 Produtos)'!$A$4:$A$848,0),IF(ISNUMBER(MATCH(B18,'4. Base Mestre (845 Produtos)'!$B$4:$B$848,0)),MATCH(B18,'4. Base Mestre (845 Produtos)'!$B$4:$B$848,0),0))),IF(ISNUMBER(MATCH(D18,'3. Dicionario Principios Ativos'!$A$4:$A$245,0)),INDEX('3. Dicionario Principios Ativos'!$A$4:$A$245,MATCH(D18,'3. Dicionario Principios Ativos'!$A$4:$A$245,0)),D18))) -> BIFENTRINA 400 | P18: =IF(B18="","",IF(D18=O18,"CONFORME — Princípio Ativo Validado","DIVERGENTE — Substituir por: "&O18)) -> CONFORME — Princípio Ativo Validado | Q18: =IF(B18="","",IF(IF(IF(ISNUMBER(MATCH(A18,'4. Base Mestre (845 Produtos)'!$A$4:$A$848,0)),MATCH(A18,'4. Base Mestre (845 Produtos)'!$A$4:$A$848,0),IF(ISNUMBER(MATCH(B18,'4. Base Mestre (845 Produtos)'!$B$4:$B$848,0)),MATCH(B18,'4. Base Mestre (845 Produtos)'!$B$4:$B$848,0),0))>0,INDEX('4. Base Mestre (845 Produtos)'!$J$4:$J$848,IF(ISNUMBER(MATCH(A18,'4. Base Mestre (845 Produtos)'!$A$4:$A$848,0)),MATCH(A18,'4. Base Mestre (845 Produtos)'!$A$4:$A$848,0),IF(ISNUMBER(MATCH(B18,'4. Base Mestre (845 Produtos)'!$B$4:$B$848,0)),MATCH(B18,'4. Base Mestre (845 Produtos)'!$B$4:$B$848,0),0)))="SIM",IF(ISNUMBER(MATCH(D18,'3. Dicionario Principios Ativos'!$A$4:$A$245,0)),INDEX('3. Dicionario Principios Ativos'!$C$4:$C$245,MATCH(D18,'3. Dicionario Principios Ativos'!$A$4:$A$245,0))="SIM",FALSE())),IF(AND(K18>0,K18<=0.3001),"3808.61.00",IF(AND(K18>0.3001,K18<=7.5001),"3808.62.90","3808.69.90")),IF(AND(LEFT(IF(IF(ISNUMBER(MATCH(A18,'4. Base Mestre (845 Produtos)'!$A$4:$A$848,0)),MATCH(A18,'4. Base Mestre (845 Produtos)'!$A$4:$A$848,0),IF(ISNUMBER(MATCH(B18,'4. Base Mestre (845 Produtos)'!$B$4:$B$848,0)),MATCH(B18,'4. Base Mestre (845 Produtos)'!$B$4:$B$848,0),0))>0,INDEX('4. Base Mestre (845 Produtos)'!$L$4:$L$848,IF(ISNUMBER(MATCH(A18,'4. Base Mestre (845 Produtos)'!$A$4:$A$848,0)),MATCH(A18,'4. Base Mestre (845 Produtos)'!$A$4:$A$848,0),IF(ISNUMBER(MATCH(B18,'4. Base Mestre (845 Produtos)'!$B$4:$B$848,0)),MATCH(B18,'4. Base Mestre (845 Produtos)'!$B$4:$B$848,0),0))),IF(ISNUMBER(MATCH(D18,'3. Dicionario Principios Ativos'!$A$4:$A$245,0)),INDEX('3. Dicionario Principios Ativos'!$D$4:$D$245,MATCH(D18,'3. Dicionario Principios Ativos'!$A$4:$A$245,0)),E18)),2)="31",E18="3105.10.00",K18>0,K18<=10.0001),"3105.10.00",IF(AND(IF(IF(ISNUMBER(MATCH(A18,'4. Base Mestre (845 Produtos)'!$A$4:$A$848,0)),MATCH(A18,'4. Base Mestre (845 Produtos)'!$A$4:$A$848,0),IF(ISNUMBER(MATCH(B18,'4. Base Mestre (845 Produtos)'!$B$4:$B$848,0)),MATCH(B18,'4. Base Mestre (845 Produtos)'!$B$4:$B$848,0),0))>0,INDEX('4. Base Mestre (845 Produtos)'!$L$4:$L$848,IF(ISNUMBER(MATCH(A18,'4. Base Mestre (845 Produtos)'!$A$4:$A$848,0)),MATCH(A18,'4. Base Mestre (845 Produtos)'!$A$4:$A$848,0),IF(ISNUMBER(MATCH(B18,'4. Base Mestre (845 Produtos)'!$B$4:$B$848,0)),MATCH(B18,'4. Base Mestre (845 Produtos)'!$B$4:$B$848,0),0))),IF(ISNUMBER(MATCH(D18,'3. Dicionario Principios Ativos'!$A$4:$A$245,0)),INDEX('3. Dicionario Principios Ativos'!$D$4:$D$245,MATCH(D18,'3. Dicionario Principios Ativos'!$A$4:$A$245,0)),E18))="3105.10.00",K18>10.0001),"3105.90.90",IF(IF(ISNUMBER(MATCH(A18,'4. Base Mestre (845 Produtos)'!$A$4:$A$848,0)),MATCH(A18,'4. Base Mestre (845 Produtos)'!$A$4:$A$848,0),IF(ISNUMBER(MATCH(B18,'4. Base Mestre (845 Produtos)'!$B$4:$B$848,0)),MATCH(B18,'4. Base Mestre (845 Produtos)'!$B$4:$B$848,0),0))>0,INDEX('4. Base Mestre (845 Produtos)'!$L$4:$L$848,IF(ISNUMBER(MATCH(A18,'4. Base Mestre (845 Produtos)'!$A$4:$A$848,0)),MATCH(A18,'4. Base Mestre (845 Produtos)'!$A$4:$A$848,0),IF(ISNUMBER(MATCH(B18,'4. Base Mestre (845 Produtos)'!$B$4:$B$848,0)),MATCH(B18,'4. Base Mestre (845 Produtos)'!$B$4:$B$848,0),0))),IF(ISNUMBER(MATCH(D18,'3. Dicionario Principios Ativos'!$A$4:$A$245,0)),INDEX('3. Dicionario Principios Ativos'!$D$4:$D$245,MATCH(D18,'3. Dicionario Principios Ativos'!$A$4:$A$245,0)),E18)))))) -> 3808.61.00 | R18: =IF(B18="","",IF(OR(E18=Q18,AND(Q18="3002.49.99",E18="3002.90.00")),"CONFORME — NCM "&E18&" Correta na TIPI","DIVERGENTE — Substituir "&E18&" por "&Q18)) -> DIVERGENTE — Substituir 3808.62.90 por 3808.61.00 | S18: =IF(B18="","",IF(AND(E18="3808.61.00",OR(K18>0.3001,K18=0)),"INCOMPATÍVEL — NCM 3808.61.00 exige emb. <= 0,3kg/L (Emb. atual: "&K18&" "&L18&" -> usar "&Q18&")",IF(AND(LEFT(E18,7)="3808.62",OR(K18<=0.3001,K18>7.5001)),"INCOMPATÍVEL — NCM 3808.62 exige emb. de 0,3 a 7,5kg/L (Emb. atual: "&K18&" "&L18&" -> usar "&Q18&")",IF(AND(LEFT(E18,7)="3808.69",K18>0,K18<=7.5001),"INCOMPATÍVEL — NCM 3808.69 exige emb. > 7,5kg/L (Emb. atual: "&K18&" "&L18&" -> usar "&Q18&")",IF(AND(LEFT(Q18,6)="3808.6",LEFT(E18,6)<>"3808.6"),"INCOMPATÍVEL — Molécula Nota Subpos. 2 c/ emb. "&K18&" "&L18&" exige NCM "&Q18,IF(AND(OR(E18="3808.91.19",E18="3808.92.19",E18="3808.93.19",E18="3808.99.19"),K18>=1),"INCOMPATÍVEL — Subitem .19 (Domissanitário) vedado p/ emb. agrícola de "&K18&" "&L18,IF(AND(E18="3105.10.00",K18>10.0001),"INCOMPATÍVEL — NCM 3105.10.00 exige peso bruto <= 10kg (Emb. atual: "&K18&" "&L18&" -> usar 3105.90.90)",IF(AND(LEFT(E18,2)="29",LEFT(Q18,4)="3808",K18>0),"INCOMPATÍVEL — Produto formulado em emb. comercial ("&K18&" "&L18&") vedado no Cap. 29 -> usar "&Q18,"CONFORME — Embalagem ("&K18&" "&L18&") compatível c/ a NCM")))))))) -> INCOMPATÍVEL — NCM 3808.62 exige emb. de 0,3 a 7,5kg/L (Emb. atual: 0.2 L -> usar 3808.61.00) | T18: =IF(B18="","",IF(IF(ISNUMBER(MATCH(A18,'4. Base Mestre (845 Produtos)'!$A$4:$A$848,0)),MATCH(A18,'4. Base Mestre (845 Produtos)'!$A$4:$A$848,0),IF(ISNUMBER(MATCH(B18,'4. Base Mestre (845 Produtos)'!$B$4:$B$848,0)),MATCH(B18,'4. Base Mestre (845 Produtos)'!$B$4:$B$848,0),0))>0,INDEX('4. Base Mestre (845 Produtos)'!$P$4:$P$848,IF(ISNUMBER(MATCH(A18,'4. Base Mestre (845 Produtos)'!$A$4:$A$848,0)),MATCH(A18,'4. Base Mestre (845 Produtos)'!$A$4:$A$848,0),IF(ISNUMBER(MATCH(B18,'4. Base Mestre (845 Produtos)'!$B$4:$B$848,0)),MATCH(B18,'4. Base Mestre (845 Produtos)'!$B$4:$B$848,0),0))),IF(ISNUMBER(MATCH(D18,'3. Dicionario Principios Ativos'!$A$4:$A$245,0)),INDEX('3. Dicionario Principios Ativos'!$K$4:$K$245,MATCH(D18,'3. Dicionario Principios Ativos'!$A$4:$A$245,0)),"VERIFICAR BULA"))) -> 6922 | U18: =IF(B18="","",IF(ISNUMBER(SEARCH("ISENTO",T18)),IF(OR(F18=0,F18="0",F18="ISENTO",F18=""),"CONFORME (DISPENSADO) — Isento pelo Ato SDA/MAPA nº 104/2017","INCORRETO — Produto isento de registro MAPA (usar 0 ou ISENTO)"),IF(ISNUMBER(SEARCH("SIPEAGRO",T18)),IF(ISNUMBER(SEARCH("-",F18)),"CONFORME — Registro SIPEAGRO ("&F18&") Preenchido","ADEQUAR P/ SIPEAGRO — Substituir 0 pelo Registro (UF-XXXXX-XXXXX.X)"),IF(ISNUMBER(SEARCH("VINCULAR",T18)),IF(AND(F18<>0,F18<>"0",F18<>""),"INCORRETO / TROCADO — Código "&F18&" pertence a outro produto (Vincular bula da marca)","VINCULAR MARCA — Cadastro de P.A. s/ marca fixa (Vincular registro na NF-e)"),IF(OR(F18=0,F18="0",F18=""),"AUSENTE (ZERO) — Preencher Registro Oficial MAPA nº "&T18,IF(TEXT(F18,"0")=TEXT(T18,"0"),"CONFORME — Registro MAPA nº "&T18&" Validado na Bula","INCORRETO / TROCADO — Substituir "&F18&" pelo Registro Oficial nº "&T18)))))) -> CONFORME — Registro MAPA nº 6922 Validado na Bula | V18: =IF(B18="","",IF(IF(ISNUMBER(MATCH(A18,'4. Base Mestre (845 Produtos)'!$A$4:$A$848,0)),MATCH(A18,'4. Base Mestre (845 Produtos)'!$A$4:$A$848,0),IF(ISNUMBER(MATCH(B18,'4. Base Mestre (845 Produtos)'!$B$4:$B$848,0)),MATCH(B18,'4. Base Mestre (845 Produtos)'!$B$4:$B$848,0),0))>0,INDEX('4. Base Mestre (845 Produtos)'!$S$4:$S$848,IF(ISNUMBER(MATCH(A18,'4. Base Mestre (845 Produtos)'!$A$4:$A$848,0)),MATCH(A18,'4. Base Mestre (845 Produtos)'!$A$4:$A$848,0),IF(ISNUMBER(MATCH(B18,'4. Base Mestre (845 Produtos)'!$B$4:$B$848,0)),MATCH(B18,'4. Base Mestre (845 Produtos)'!$B$4:$B$848,0),0))),IF(ISNUMBER(MATCH(D18,'3. Dicionario Principios Ativos'!$A$4:$A$245,0)),INDEX('3. Dicionario Principios Ativos'!$L$4:$L$245,MATCH(D18,'3. Dicionario Principios Ativos'!$A$4:$A$245,0)),"Verificar NCM"))) -> Beneficiado (Lei 10.925/04): 0% até Mar/26 | 0,925% Real / 0,365% Pres. pós-Abr/26 (LC 224/25) | W18: =IF(B18="","",IF(IF(ISNUMBER(MATCH(A18,'4. Base Mestre (845 Produtos)'!$A$4:$A$848,0)),MATCH(A18,'4. Base Mestre (845 Produtos)'!$A$4:$A$848,0),IF(ISNUMBER(MATCH(B18,'4. Base Mestre (845 Produtos)'!$B$4:$B$848,0)),MATCH(B18,'4. Base Mestre (845 Produtos)'!$B$4:$B$848,0),0))>0,INDEX('4. Base Mestre (845 Produtos)'!$T$4:$T$848,IF(ISNUMBER(MATCH(A18,'4. Base Mestre (845 Produtos)'!$A$4:$A$848,0)),MATCH(A18,'4. Base Mestre (845 Produtos)'!$A$4:$A$848,0),IF(ISNUMBER(MATCH(B18,'4. Base Mestre (845 Produtos)'!$B$4:$B$848,0)),MATCH(B18,'4. Base Mestre (845 Produtos)'!$B$4:$B$848,0),0))),IF(ISNUMBER(MATCH(D18,'3. Dicionario Principios Ativos'!$A$4:$A$245,0)),INDEX('3. Dicionario Principios Ativos'!$M$4:$M$245,MATCH(D18,'3. Dicionario Principios Ativos'!$A$4:$A$245,0)),"Verificar CST"))) -> Saída: CST 06 (c/ Ajuste M220/M620 pós-Abr/26) | Entrada Revenda: CST 73 | X18: =IF(B18="","",IF(AND(LEFT(M18,8)="CONFORME",LEFT(P18,8)="CONFORME",LEFT(R18,8)="CONFORME",LEFT(S18,8)="CONFORME",LEFT(U18,8)="CONFORME"),"CADASTRO 100% CONFORME — LIBERADO P/ ERP",IF(AND(LEFT(M18,8)="CONFORME",LEFT(P18,8)="CONFORME",LEFT(R18,8)="CONFORME",LEFT(S18,8)="CONFORME",OR(LEFT(U18,7)="ADEQUAR",LEFT(U18,8)="VINCULAR")),"FISCAL E EMBALAGEM OK — ADEQUAR CAMPO MAPA (SIPEAGRO / MARCA)","BLOQUEADO — CORRIGIR DIVERGÊNCIAS APONTADAS ANTES DE LIBERAR NO ERP"))) -> BLOQUEADO — CORRIGIR DIVERGÊNCIAS APONTADAS ANTES DE LIBERAR NO ERP
A19: 4914 | B19: MAJESTUOSO 0,2L (IMP) AMOSTRA | C19: L | D19: MALATIONA 1000 | E19: 3808.69.90 | F19: 26023 | H19: Cenário 11 [Erro NCM x Emb.]: Majestuoso 0,2L (<=0,3L) cadastrado em 3808.69.90 em vez de 3808.61.00 | I19: =IF(B19="","",IF(ISNUMBER(MATCH(A19,'4. Base Mestre (845 Produtos)'!$A$4:$A$848,0)),"Localizado por Código ("&A19&") na Base Mestre",IF(ISNUMBER(MATCH(B19,'4. Base Mestre (845 Produtos)'!$B$4:$B$848,0)),"Localizado por Descrição na Base Mestre",IF(ISNUMBER(MATCH(D19,'3. Dicionario Principios Ativos'!$A$4:$A$245,0)),"Produto Novo — Validado pelo Dicionário de P.A.","Não Localizado — Revisar Código/P.A.")))) -> Localizado por Código (4914) na Base Mestre | J19: =IF(B19="","",IF(IF(ISNUMBER(MATCH(A19,'4. Base Mestre (845 Produtos)'!$A$4:$A$848,0)),MATCH(A19,'4. Base Mestre (845 Produtos)'!$A$4:$A$848,0),IF(ISNUMBER(MATCH(B19,'4. Base Mestre (845 Produtos)'!$B$4:$B$848,0)),MATCH(B19,'4. Base Mestre (845 Produtos)'!$B$4:$B$848,0),0))>0,INDEX('4. Base Mestre (845 Produtos)'!$I$4:$I$848,IF(ISNUMBER(MATCH(A19,'4. Base Mestre (845 Produtos)'!$A$4:$A$848,0)),MATCH(A19,'4. Base Mestre (845 Produtos)'!$A$4:$A$848,0),IF(ISNUMBER(MATCH(B19,'4. Base Mestre (845 Produtos)'!$B$4:$B$848,0)),MATCH(B19,'4. Base Mestre (845 Produtos)'!$B$4:$B$848,0),0))),IF(ISNUMBER(MATCH(D19,'3. Dicionario Principios Ativos'!$A$4:$A$245,0)),INDEX('3. Dicionario Principios Ativos'!$B$4:$B$245,MATCH(D19,'3. Dicionario Principios Ativos'!$A$4:$A$245,0)),"Revisar Classificação"))) -> Defensivos — Inseticida | K19: =IF(B19="","",IF(G19<>"",G19,IF(OR(ISNUMBER(SEARCH("PRINCIPIO ATIVO",B19)),ISNUMBER(SEARCH("PRINC. ATIVO",B19)),ISNUMBER(SEARCH("PR. ATIVO",B19)),ISNUMBER(SEARCH("PR.AT.",B19)),ISNUMBER(SEARCH("(P.A",B19)),ISNUMBER(SEARCH("(P. A",B19))),0,IF(OR(ISNUMBER(SEARCH("0,100KG",B19)),ISNUMBER(SEARCH("0,1KG",B19)),ISNUMBER(SEARCH("0,100L",B19))),0.1,IF(OR(ISNUMBER(SEARCH("0,200L",B19)),ISNUMBER(SEARCH("0,2L",B19)),ISNUMBER(SEARCH("0,200KG",B19)),ISNUMBER(SEARCH("0,2KG",B19))),0.2,IF(OR(ISNUMBER(SEARCH("0,240KG",B19)),ISNUMBER(SEARCH("0,250L",B19))),0.24,IF(OR(ISNUMBER(SEARCH("0,300KG",B19)),ISNUMBER(SEARCH("0,3KG",B19))),0.3,IF(OR(ISNUMBER(SEARCH("0,500L",B19)),ISNUMBER(SEARCH("0,5L",B19)),ISNUMBER(SEARCH("0,5KG",B19))),0.5,IF(ISNUMBER(SEARCH("0,8KG",B19)),0.8,IF(OR(ISNUMBER(SEARCH("1,5L",B19)),ISNUMBER(SEARCH("1,5KG",B19))),1.5,IF(OR(ISNUMBER(SEARCH("1,75L",B19)),ISNUMBER(SEARCH("1,8L",B19)),ISNUMBER(SEARCH("1.8L",B19))),1.8,IF(ISNUMBER(SEARCH("4,5KG",B19)),4.5,IF(ISNUMBER(SEARCH("7,5KG",B19)),7.5,IF(OR(ISNUMBER(SEARCH("1000L",B19)),ISNUMBER(SEARCH("1000KG",B19)),ISNUMBER(SEARCH("1.000KG",B19)),ISNUMBER(SEARCH("1.000L",B19)),ISNUMBER(SEARCH("1000 KG",B19)),ISNUMBER(SEARCH("GRANEL",B19)),ISNUMBER(SEARCH("(TON)",B19))),1000,IF(ISNUMBER(SEARCH("200L",B19)),200,IF(OR(ISNUMBER(SEARCH("25KG",B19)),ISNUMBER(SEARCH("25L",B19))),25,IF(OR(ISNUMBER(SEARCH("20L",B19)),ISNUMBER(SEARCH("20KG",B19))),20,IF(ISNUMBER(SEARCH("15KG",B19)),15,IF(OR(ISNUMBER(SEARCH("10L",B19)),ISNUMBER(SEARCH("10KG",B19))),10,IF(OR(ISNUMBER(SEARCH("5L",B19)),ISNUMBER(SEARCH("5KG",B19)),ISNUMBER(SEARCH("5LT",B19))),5,IF(OR(ISNUMBER(SEARCH("3KG",B19)),ISNUMBER(SEARCH("3L",B19))),3,IF(OR(ISNUMBER(SEARCH("2L",B19)),ISNUMBER(SEARCH("2KG",B19))),2,IF(OR(ISNUMBER(SEARCH("1L",B19)),ISNUMBER(SEARCH("1KG",B19)),ISNUMBER(SEARCH("1LT",B19))),1,IF(IF(ISNUMBER(MATCH(A19,'4. Base Mestre (845 Produtos)'!$A$4:$A$848,0)),MATCH(A19,'4. Base Mestre (845 Produtos)'!$A$4:$A$848,0),IF(ISNUMBER(MATCH(B19,'4. Base Mestre (845 Produtos)'!$B$4:$B$848,0)),MATCH(B19,'4. Base Mestre (845 Produtos)'!$B$4:$B$848,0),0))>0,INDEX('4. Base Mestre (845 Produtos)'!$D$4:$D$848,IF(ISNUMBER(MATCH(A19,'4. Base Mestre (845 Produtos)'!$A$4:$A$848,0)),MATCH(A19,'4. Base Mestre (845 Produtos)'!$A$4:$A$848,0),IF(ISNUMBER(MATCH(B19,'4. Base Mestre (845 Produtos)'!$B$4:$B$848,0)),MATCH(B19,'4. Base Mestre (845 Produtos)'!$B$4:$B$848,0),0))),1)))))))))))))))))))))))) -> 0.2 | L19: =IF(B19="","",IF(OR(ISNUMBER(SEARCH("KG",B19)),ISNUMBER(SEARCH("GR",B19))),"KG",IF(OR(ISNUMBER(SEARCH("0,200L",B19)),ISNUMBER(SEARCH("0,2L",B19)),ISNUMBER(SEARCH("0,5L",B19)),ISNUMBER(SEARCH("1,5L",B19)),ISNUMBER(SEARCH("1,8L",B19)),ISNUMBER(SEARCH("1.8L",B19)),ISNUMBER(SEARCH("1L",B19)),ISNUMBER(SEARCH("2L",B19)),ISNUMBER(SEARCH("3L",B19)),ISNUMBER(SEARCH("5L",B19)),ISNUMBER(SEARCH("10L",B19)),ISNUMBER(SEARCH("20L",B19)),ISNUMBER(SEARCH("25L",B19)),ISNUMBER(SEARCH("200L",B19)),ISNUMBER(SEARCH("1000L",B19)),ISNUMBER(SEARCH("LT",B19))),"L",IF(IF(ISNUMBER(MATCH(A19,'4. Base Mestre (845 Produtos)'!$A$4:$A$848,0)),MATCH(A19,'4. Base Mestre (845 Produtos)'!$A$4:$A$848,0),IF(ISNUMBER(MATCH(B19,'4. Base Mestre (845 Produtos)'!$B$4:$B$848,0)),MATCH(B19,'4. Base Mestre (845 Produtos)'!$B$4:$B$848,0),0))>0,INDEX('4. Base Mestre (845 Produtos)'!$E$4:$E$848,IF(ISNUMBER(MATCH(A19,'4. Base Mestre (845 Produtos)'!$A$4:$A$848,0)),MATCH(A19,'4. Base Mestre (845 Produtos)'!$A$4:$A$848,0),IF(ISNUMBER(MATCH(B19,'4. Base Mestre (845 Produtos)'!$B$4:$B$848,0)),MATCH(B19,'4. Base Mestre (845 Produtos)'!$B$4:$B$848,0),0))),C19)))) -> L | M19: =IF(B19="","",IF(C19=L19,"CONFORME — Unidade ("&C19&") compatível c/ Embalagem","DIVERGENTE — Embalagem em "&L19&", mas cadastrado em "&C19)) -> CONFORME — Unidade (L) compatível c/ Embalagem | N19: =IF(B19="","",IF(K19=0,"Granel / Produto Técnico (Sem Embalagem Comercial)",IF(K19<=0.3001,"Faixa 1 TIPI: Até 300g/mL (3808.61.00 / 3105.10.00)",IF(K19<=7.5001,"Faixa 2 TIPI: De 300g a 7,5kg/L (3808.62.90 / 3105.10.00)",IF(K19<=10.0001,"Faixa 3 TIPI: De 7,5kg a 10kg/L (3808.69.90 / 3105.10.00)","Faixa 4 TIPI: Acima de 10kg/L (3808.69.90 / Cap. 31 Geral)"))))) -> Faixa 1 TIPI: Até 300g/mL (3808.61.00 / 3105.10.00) | O19: =IF(B19="","",IF(IF(ISNUMBER(MATCH(A19,'4. Base Mestre (845 Produtos)'!$A$4:$A$848,0)),MATCH(A19,'4. Base Mestre (845 Produtos)'!$A$4:$A$848,0),IF(ISNUMBER(MATCH(B19,'4. Base Mestre (845 Produtos)'!$B$4:$B$848,0)),MATCH(B19,'4. Base Mestre (845 Produtos)'!$B$4:$B$848,0),0))>0,INDEX('4. Base Mestre (845 Produtos)'!$H$4:$H$848,IF(ISNUMBER(MATCH(A19,'4. Base Mestre (845 Produtos)'!$A$4:$A$848,0)),MATCH(A19,'4. Base Mestre (845 Produtos)'!$A$4:$A$848,0),IF(ISNUMBER(MATCH(B19,'4. Base Mestre (845 Produtos)'!$B$4:$B$848,0)),MATCH(B19,'4. Base Mestre (845 Produtos)'!$B$4:$B$848,0),0))),IF(ISNUMBER(MATCH(D19,'3. Dicionario Principios Ativos'!$A$4:$A$245,0)),INDEX('3. Dicionario Principios Ativos'!$A$4:$A$245,MATCH(D19,'3. Dicionario Principios Ativos'!$A$4:$A$245,0)),D19))) -> MALATIONA 1000 | P19: =IF(B19="","",IF(D19=O19,"CONFORME — Princípio Ativo Validado","DIVERGENTE — Substituir por: "&O19)) -> CONFORME — Princípio Ativo Validado | Q19: =IF(B19="","",IF(IF(IF(ISNUMBER(MATCH(A19,'4. Base Mestre (845 Produtos)'!$A$4:$A$848,0)),MATCH(A19,'4. Base Mestre (845 Produtos)'!$A$4:$A$848,0),IF(ISNUMBER(MATCH(B19,'4. Base Mestre (845 Produtos)'!$B$4:$B$848,0)),MATCH(B19,'4. Base Mestre (845 Produtos)'!$B$4:$B$848,0),0))>0,INDEX('4. Base Mestre (845 Produtos)'!$J$4:$J$848,IF(ISNUMBER(MATCH(A19,'4. Base Mestre (845 Produtos)'!$A$4:$A$848,0)),MATCH(A19,'4. Base Mestre (845 Produtos)'!$A$4:$A$848,0),IF(ISNUMBER(MATCH(B19,'4. Base Mestre (845 Produtos)'!$B$4:$B$848,0)),MATCH(B19,'4. Base Mestre (845 Produtos)'!$B$4:$B$848,0),0)))="SIM",IF(ISNUMBER(MATCH(D19,'3. Dicionario Principios Ativos'!$A$4:$A$245,0)),INDEX('3. Dicionario Principios Ativos'!$C$4:$C$245,MATCH(D19,'3. Dicionario Principios Ativos'!$A$4:$A$245,0))="SIM",FALSE())),IF(AND(K19>0,K19<=0.3001),"3808.61.00",IF(AND(K19>0.3001,K19<=7.5001),"3808.62.90","3808.69.90")),IF(AND(LEFT(IF(IF(ISNUMBER(MATCH(A19,'4. Base Mestre (845 Produtos)'!$A$4:$A$848,0)),MATCH(A19,'4. Base Mestre (845 Produtos)'!$A$4:$A$848,0),IF(ISNUMBER(MATCH(B19,'4. Base Mestre (845 Produtos)'!$B$4:$B$848,0)),MATCH(B19,'4. Base Mestre (845 Produtos)'!$B$4:$B$848,0),0))>0,INDEX('4. Base Mestre (845 Produtos)'!$L$4:$L$848,IF(ISNUMBER(MATCH(A19,'4. Base Mestre (845 Produtos)'!$A$4:$A$848,0)),MATCH(A19,'4. Base Mestre (845 Produtos)'!$A$4:$A$848,0),IF(ISNUMBER(MATCH(B19,'4. Base Mestre (845 Produtos)'!$B$4:$B$848,0)),MATCH(B19,'4. Base Mestre (845 Produtos)'!$B$4:$B$848,0),0))),IF(ISNUMBER(MATCH(D19,'3. Dicionario Principios Ativos'!$A$4:$A$245,0)),INDEX('3. Dicionario Principios Ativos'!$D$4:$D$245,MATCH(D19,'3. Dicionario Principios Ativos'!$A$4:$A$245,0)),E19)),2)="31",E19="3105.10.00",K19>0,K19<=10.0001),"3105.10.00",IF(AND(IF(IF(ISNUMBER(MATCH(A19,'4. Base Mestre (845 Produtos)'!$A$4:$A$848,0)),MATCH(A19,'4. Base Mestre (845 Produtos)'!$A$4:$A$848,0),IF(ISNUMBER(MATCH(B19,'4. Base Mestre (845 Produtos)'!$B$4:$B$848,0)),MATCH(B19,'4. Base Mestre (845 Produtos)'!$B$4:$B$848,0),0))>0,INDEX('4. Base Mestre (845 Produtos)'!$L$4:$L$848,IF(ISNUMBER(MATCH(A19,'4. Base Mestre (845 Produtos)'!$A$4:$A$848,0)),MATCH(A19,'4. Base Mestre (845 Produtos)'!$A$4:$A$848,0),IF(ISNUMBER(MATCH(B19,'4. Base Mestre (845 Produtos)'!$B$4:$B$848,0)),MATCH(B19,'4. Base Mestre (845 Produtos)'!$B$4:$B$848,0),0))),IF(ISNUMBER(MATCH(D19,'3. Dicionario Principios Ativos'!$A$4:$A$245,0)),INDEX('3. Dicionario Principios Ativos'!$D$4:$D$245,MATCH(D19,'3. Dicionario Principios Ativos'!$A$4:$A$245,0)),E19))="3105.10.00",K19>10.0001),"3105.90.90",IF(IF(ISNUMBER(MATCH(A19,'4. Base Mestre (845 Produtos)'!$A$4:$A$848,0)),MATCH(A19,'4. Base Mestre (845 Produtos)'!$A$4:$A$848,0),IF(ISNUMBER(MATCH(B19,'4. Base Mestre (845 Produtos)'!$B$4:$B$848,0)),MATCH(B19,'4. Base Mestre (845 Produtos)'!$B$4:$B$848,0),0))>0,INDEX('4. Base Mestre (845 Produtos)'!$L$4:$L$848,IF(ISNUMBER(MATCH(A19,'4. Base Mestre (845 Produtos)'!$A$4:$A$848,0)),MATCH(A19,'4. Base Mestre (845 Produtos)'!$A$4:$A$848,0),IF(ISNUMBER(MATCH(B19,'4. Base Mestre (845 Produtos)'!$B$4:$B$848,0)),MATCH(B19,'4. Base Mestre (845 Produtos)'!$B$4:$B$848,0),0))),IF(ISNUMBER(MATCH(D19,'3. Dicionario Principios Ativos'!$A$4:$A$245,0)),INDEX('3. Dicionario Principios Ativos'!$D$4:$D$245,MATCH(D19,'3. Dicionario Principios Ativos'!$A$4:$A$245,0)),E19)))))) -> 3808.61.00 | R19: =IF(B19="","",IF(OR(E19=Q19,AND(Q19="3002.49.99",E19="3002.90.00")),"CONFORME — NCM "&E19&" Correta na TIPI","DIVERGENTE — Substituir "&E19&" por "&Q19)) -> DIVERGENTE — Substituir 3808.69.90 por 3808.61.00 | S19: =IF(B19="","",IF(AND(E19="3808.61.00",OR(K19>0.3001,K19=0)),"INCOMPATÍVEL — NCM 3808.61.00 exige emb. <= 0,3kg/L (Emb. atual: "&K19&" "&L19&" -> usar "&Q19&")",IF(AND(LEFT(E19,7)="3808.62",OR(K19<=0.3001,K19>7.5001)),"INCOMPATÍVEL — NCM 3808.62 exige emb. de 0,3 a 7,5kg/L (Emb. atual: "&K19&" "&L19&" -> usar "&Q19&")",IF(AND(LEFT(E19,7)="3808.69",K19>0,K19<=7.5001),"INCOMPATÍVEL — NCM 3808.69 exige emb. > 7,5kg/L (Emb. atual: "&K19&" "&L19&" -> usar "&Q19&")",IF(AND(LEFT(Q19,6)="3808.6",LEFT(E19,6)<>"3808.6"),"INCOMPATÍVEL — Molécula Nota Subpos. 2 c/ emb. "&K19&" "&L19&" exige NCM "&Q19,IF(AND(OR(E19="3808.91.19",E19="3808.92.19",E19="3808.93.19",E19="3808.99.19"),K19>=1),"INCOMPATÍVEL — Subitem .19 (Domissanitário) vedado p/ emb. agrícola de "&K19&" "&L19,IF(AND(E19="3105.10.00",K19>10.0001),"INCOMPATÍVEL — NCM 3105.10.00 exige peso bruto <= 10kg (Emb. atual: "&K19&" "&L19&" -> usar 3105.90.90)",IF(AND(LEFT(E19,2)="29",LEFT(Q19,4)="3808",K19>0),"INCOMPATÍVEL — Produto formulado em emb. comercial ("&K19&" "&L19&") vedado no Cap. 29 -> usar "&Q19,"CONFORME — Embalagem ("&K19&" "&L19&") compatível c/ a NCM")))))))) -> INCOMPATÍVEL — NCM 3808.69 exige emb. > 7,5kg/L (Emb. atual: 0.2 L -> usar 3808.61.00) | T19: =IF(B19="","",IF(IF(ISNUMBER(MATCH(A19,'4. Base Mestre (845 Produtos)'!$A$4:$A$848,0)),MATCH(A19,'4. Base Mestre (845 Produtos)'!$A$4:$A$848,0),IF(ISNUMBER(MATCH(B19,'4. Base Mestre (845 Produtos)'!$B$4:$B$848,0)),MATCH(B19,'4. Base Mestre (845 Produtos)'!$B$4:$B$848,0),0))>0,INDEX('4. Base Mestre (845 Produtos)'!$P$4:$P$848,IF(ISNUMBER(MATCH(A19,'4. Base Mestre (845 Produtos)'!$A$4:$A$848,0)),MATCH(A19,'4. Base Mestre (845 Produtos)'!$A$4:$A$848,0),IF(ISNUMBER(MATCH(B19,'4. Base Mestre (845 Produtos)'!$B$4:$B$848,0)),MATCH(B19,'4. Base Mestre (845 Produtos)'!$B$4:$B$848,0),0))),IF(ISNUMBER(MATCH(D19,'3. Dicionario Principios Ativos'!$A$4:$A$245,0)),INDEX('3. Dicionario Principios Ativos'!$K$4:$K$245,MATCH(D19,'3. Dicionario Principios Ativos'!$A$4:$A$245,0)),"VERIFICAR BULA"))) -> 26023 | U19: =IF(B19="","",IF(ISNUMBER(SEARCH("ISENTO",T19)),IF(OR(F19=0,F19="0",F19="ISENTO",F19=""),"CONFORME (DISPENSADO) — Isento pelo Ato SDA/MAPA nº 104/2017","INCORRETO — Produto isento de registro MAPA (usar 0 ou ISENTO)"),IF(ISNUMBER(SEARCH("SIPEAGRO",T19)),IF(ISNUMBER(SEARCH("-",F19)),"CONFORME — Registro SIPEAGRO ("&F19&") Preenchido","ADEQUAR P/ SIPEAGRO — Substituir 0 pelo Registro (UF-XXXXX-XXXXX.X)"),IF(ISNUMBER(SEARCH("VINCULAR",T19)),IF(AND(F19<>0,F19<>"0",F19<>""),"INCORRETO / TROCADO — Código "&F19&" pertence a outro produto (Vincular bula da marca)","VINCULAR MARCA — Cadastro de P.A. s/ marca fixa (Vincular registro na NF-e)"),IF(OR(F19=0,F19="0",F19=""),"AUSENTE (ZERO) — Preencher Registro Oficial MAPA nº "&T19,IF(TEXT(F19,"0")=TEXT(T19,"0"),"CONFORME — Registro MAPA nº "&T19&" Validado na Bula","INCORRETO / TROCADO — Substituir "&F19&" pelo Registro Oficial nº "&T19)))))) -> CONFORME — Registro MAPA nº 26023 Validado na Bula | V19: =IF(B19="","",IF(IF(ISNUMBER(MATCH(A19,'4. Base Mestre (845 Produtos)'!$A$4:$A$848,0)),MATCH(A19,'4. Base Mestre (845 Produtos)'!$A$4:$A$848,0),IF(ISNUMBER(MATCH(B19,'4. Base Mestre (845 Produtos)'!$B$4:$B$848,0)),MATCH(B19,'4. Base Mestre (845 Produtos)'!$B$4:$B$848,0),0))>0,INDEX('4. Base Mestre (845 Produtos)'!$S$4:$S$848,IF(ISNUMBER(MATCH(A19,'4. Base Mestre (845 Produtos)'!$A$4:$A$848,0)),MATCH(A19,'4. Base Mestre (845 Produtos)'!$A$4:$A$848,0),IF(ISNUMBER(MATCH(B19,'4. Base Mestre (845 Produtos)'!$B$4:$B$848,0)),MATCH(B19,'4. Base Mestre (845 Produtos)'!$B$4:$B$848,0),0))),IF(ISNUMBER(MATCH(D19,'3. Dicionario Principios Ativos'!$A$4:$A$245,0)),INDEX('3. Dicionario Principios Ativos'!$L$4:$L$245,MATCH(D19,'3. Dicionario Principios Ativos'!$A$4:$A$245,0)),"Verificar NCM"))) -> Beneficiado (Lei 10.925/04): 0% até Mar/26 | 0,925% Real / 0,365% Pres. pós-Abr/26 (LC 224/25) | W19: =IF(B19="","",IF(IF(ISNUMBER(MATCH(A19,'4. Base Mestre (845 Produtos)'!$A$4:$A$848,0)),MATCH(A19,'4. Base Mestre (845 Produtos)'!$A$4:$A$848,0),IF(ISNUMBER(MATCH(B19,'4. Base Mestre (845 Produtos)'!$B$4:$B$848,0)),MATCH(B19,'4. Base Mestre (845 Produtos)'!$B$4:$B$848,0),0))>0,INDEX('4. Base Mestre (845 Produtos)'!$T$4:$T$848,IF(ISNUMBER(MATCH(A19,'4. Base Mestre (845 Produtos)'!$A$4:$A$848,0)),MATCH(A19,'4. Base Mestre (845 Produtos)'!$A$4:$A$848,0),IF(ISNUMBER(MATCH(B19,'4. Base Mestre (845 Produtos)'!$B$4:$B$848,0)),MATCH(B19,'4. Base Mestre (845 Produtos)'!$B$4:$B$848,0),0))),IF(ISNUMBER(MATCH(D19,'3. Dicionario Principios Ativos'!$A$4:$A$245,0)),INDEX('3. Dicionario Principios Ativos'!$M$4:$M$245,MATCH(D19,'3. Dicionario Principios Ativos'!$A$4:$A$245,0)),"Verificar CST"))) -> Saída: CST 06 (c/ Ajuste M220/M620 pós-Abr/26) | Entrada Revenda: CST 73 | X19: =IF(B19="","",IF(AND(LEFT(M19,8)="CONFORME",LEFT(P19,8)="CONFORME",LEFT(R19,8)="CONFORME",LEFT(S19,8)="CONFORME",LEFT(U19,8)="CONFORME"),"CADASTRO 100% CONFORME — LIBERADO P/ ERP",IF(AND(LEFT(M19,8)="CONFORME",LEFT(P19,8)="CONFORME",LEFT(R19,8)="CONFORME",LEFT(S19,8)="CONFORME",OR(LEFT(U19,7)="ADEQUAR",LEFT(U19,8)="VINCULAR")),"FISCAL E EMBALAGEM OK — ADEQUAR CAMPO MAPA (SIPEAGRO / MARCA)","BLOQUEADO — CORRIGIR DIVERGÊNCIAS APONTADAS ANTES DE LIBERAR NO ERP"))) -> BLOQUEADO — CORRIGIR DIVERGÊNCIAS APONTADAS ANTES DE LIBERAR NO ERP
A20: 7374 | B20: GEODO AMOSTRA 0,100KG IMP | C20: KG | D20: ACETAMIPRIDO 250 + BIFENTRINA 250 | E20: 3808.69.90 | F20: 52425 | H20: Cenário 12 [Erro NCM x Emb.]: Geodo 0,100KG (<=0,3kg) cadastrado em 3808.69.90 em vez de 3808.61.00 | I20: =IF(B20="","",IF(ISNUMBER(MATCH(A20,'4. Base Mestre (845 Produtos)'!$A$4:$A$848,0)),"Localizado por Código ("&A20&") na Base Mestre",IF(ISNUMBER(MATCH(B20,'4. Base Mestre (845 Produtos)'!$B$4:$B$848,0)),"Localizado por Descrição na Base Mestre",IF(ISNUMBER(MATCH(D20,'3. Dicionario Principios Ativos'!$A$4:$A$245,0)),"Produto Novo — Validado pelo Dicionário de P.A.","Não Localizado — Revisar Código/P.A.")))) -> Localizado por Código (7374) na Base Mestre | J20: =IF(B20="","",IF(IF(ISNUMBER(MATCH(A20,'4. Base Mestre (845 Produtos)'!$A$4:$A$848,0)),MATCH(A20,'4. Base Mestre (845 Produtos)'!$A$4:$A$848,0),IF(ISNUMBER(MATCH(B20,'4. Base Mestre (845 Produtos)'!$B$4:$B$848,0)),MATCH(B20,'4. Base Mestre (845 Produtos)'!$B$4:$B$848,0),0))>0,INDEX('4. Base Mestre (845 Produtos)'!$I$4:$I$848,IF(ISNUMBER(MATCH(A20,'4. Base Mestre (845 Produtos)'!$A$4:$A$848,0)),MATCH(A20,'4. Base Mestre (845 Produtos)'!$A$4:$A$848,0),IF(ISNUMBER(MATCH(B20,'4. Base Mestre (845 Produtos)'!$B$4:$B$848,0)),MATCH(B20,'4. Base Mestre (845 Produtos)'!$B$4:$B$848,0),0))),IF(ISNUMBER(MATCH(D20,'3. Dicionario Principios Ativos'!$A$4:$A$245,0)),INDEX('3. Dicionario Principios Ativos'!$B$4:$B$245,MATCH(D20,'3. Dicionario Principios Ativos'!$A$4:$A$245,0)),"Revisar Classificação"))) -> Defensivos — Inseticida | K20: =IF(B20="","",IF(G20<>"",G20,IF(OR(ISNUMBER(SEARCH("PRINCIPIO ATIVO",B20)),ISNUMBER(SEARCH("PRINC. ATIVO",B20)),ISNUMBER(SEARCH("PR. ATIVO",B20)),ISNUMBER(SEARCH("PR.AT.",B20)),ISNUMBER(SEARCH("(P.A",B20)),ISNUMBER(SEARCH("(P. A",B20))),0,IF(OR(ISNUMBER(SEARCH("0,100KG",B20)),ISNUMBER(SEARCH("0,1KG",B20)),ISNUMBER(SEARCH("0,100L",B20))),0.1,IF(OR(ISNUMBER(SEARCH("0,200L",B20)),ISNUMBER(SEARCH("0,2L",B20)),ISNUMBER(SEARCH("0,200KG",B20)),ISNUMBER(SEARCH("0,2KG",B20))),0.2,IF(OR(ISNUMBER(SEARCH("0,240KG",B20)),ISNUMBER(SEARCH("0,250L",B20))),0.24,IF(OR(ISNUMBER(SEARCH("0,300KG",B20)),ISNUMBER(SEARCH("0,3KG",B20))),0.3,IF(OR(ISNUMBER(SEARCH("0,500L",B20)),ISNUMBER(SEARCH("0,5L",B20)),ISNUMBER(SEARCH("0,5KG",B20))),0.5,IF(ISNUMBER(SEARCH("0,8KG",B20)),0.8,IF(OR(ISNUMBER(SEARCH("1,5L",B20)),ISNUMBER(SEARCH("1,5KG",B20))),1.5,IF(OR(ISNUMBER(SEARCH("1,75L",B20)),ISNUMBER(SEARCH("1,8L",B20)),ISNUMBER(SEARCH("1.8L",B20))),1.8,IF(ISNUMBER(SEARCH("4,5KG",B20)),4.5,IF(ISNUMBER(SEARCH("7,5KG",B20)),7.5,IF(OR(ISNUMBER(SEARCH("1000L",B20)),ISNUMBER(SEARCH("1000KG",B20)),ISNUMBER(SEARCH("1.000KG",B20)),ISNUMBER(SEARCH("1.000L",B20)),ISNUMBER(SEARCH("1000 KG",B20)),ISNUMBER(SEARCH("GRANEL",B20)),ISNUMBER(SEARCH("(TON)",B20))),1000,IF(ISNUMBER(SEARCH("200L",B20)),200,IF(OR(ISNUMBER(SEARCH("25KG",B20)),ISNUMBER(SEARCH("25L",B20))),25,IF(OR(ISNUMBER(SEARCH("20L",B20)),ISNUMBER(SEARCH("20KG",B20))),20,IF(ISNUMBER(SEARCH("15KG",B20)),15,IF(OR(ISNUMBER(SEARCH("10L",B20)),ISNUMBER(SEARCH("10KG",B20))),10,IF(OR(ISNUMBER(SEARCH("5L",B20)),ISNUMBER(SEARCH("5KG",B20)),ISNUMBER(SEARCH("5LT",B20))),5,IF(OR(ISNUMBER(SEARCH("3KG",B20)),ISNUMBER(SEARCH("3L",B20))),3,IF(OR(ISNUMBER(SEARCH("2L",B20)),ISNUMBER(SEARCH("2KG",B20))),2,IF(OR(ISNUMBER(SEARCH("1L",B20)),ISNUMBER(SEARCH("1KG",B20)),ISNUMBER(SEARCH("1LT",B20))),1,IF(IF(ISNUMBER(MATCH(A20,'4. Base Mestre (845 Produtos)'!$A$4:$A$848,0)),MATCH(A20,'4. Base Mestre (845 Produtos)'!$A$4:$A$848,0),IF(ISNUMBER(MATCH(B20,'4. Base Mestre (845 Produtos)'!$B$4:$B$848,0)),MATCH(B20,'4. Base Mestre (845 Produtos)'!$B$4:$B$848,0),0))>0,INDEX('4. Base Mestre (845 Produtos)'!$D$4:$D$848,IF(ISNUMBER(MATCH(A20,'4. Base Mestre (845 Produtos)'!$A$4:$A$848,0)),MATCH(A20,'4. Base Mestre (845 Produtos)'!$A$4:$A$848,0),IF(ISNUMBER(MATCH(B20,'4. Base Mestre (845 Produtos)'!$B$4:$B$848,0)),MATCH(B20,'4. Base Mestre (845 Produtos)'!$B$4:$B$848,0),0))),1)))))))))))))))))))))))) -> 0.1 | L20: =IF(B20="","",IF(OR(ISNUMBER(SEARCH("KG",B20)),ISNUMBER(SEARCH("GR",B20))),"KG",IF(OR(ISNUMBER(SEARCH("0,200L",B20)),ISNUMBER(SEARCH("0,2L",B20)),ISNUMBER(SEARCH("0,5L",B20)),ISNUMBER(SEARCH("1,5L",B20)),ISNUMBER(SEARCH("1,8L",B20)),ISNUMBER(SEARCH("1.8L",B20)),ISNUMBER(SEARCH("1L",B20)),ISNUMBER(SEARCH("2L",B20)),ISNUMBER(SEARCH("3L",B20)),ISNUMBER(SEARCH("5L",B20)),ISNUMBER(SEARCH("10L",B20)),ISNUMBER(SEARCH("20L",B20)),ISNUMBER(SEARCH("25L",B20)),ISNUMBER(SEARCH("200L",B20)),ISNUMBER(SEARCH("1000L",B20)),ISNUMBER(SEARCH("LT",B20))),"L",IF(IF(ISNUMBER(MATCH(A20,'4. Base Mestre (845 Produtos)'!$A$4:$A$848,0)),MATCH(A20,'4. Base Mestre (845 Produtos)'!$A$4:$A$848,0),IF(ISNUMBER(MATCH(B20,'4. Base Mestre (845 Produtos)'!$B$4:$B$848,0)),MATCH(B20,'4. Base Mestre (845 Produtos)'!$B$4:$B$848,0),0))>0,INDEX('4. Base Mestre (845 Produtos)'!$E$4:$E$848,IF(ISNUMBER(MATCH(A20,'4. Base Mestre (845 Produtos)'!$A$4:$A$848,0)),MATCH(A20,'4. Base Mestre (845 Produtos)'!$A$4:$A$848,0),IF(ISNUMBER(MATCH(B20,'4. Base Mestre (845 Produtos)'!$B$4:$B$848,0)),MATCH(B20,'4. Base Mestre (845 Produtos)'!$B$4:$B$848,0),0))),C20)))) -> KG | M20: =IF(B20="","",IF(C20=L20,"CONFORME — Unidade ("&C20&") compatível c/ Embalagem","DIVERGENTE — Embalagem em "&L20&", mas cadastrado em "&C20)) -> CONFORME — Unidade (KG) compatível c/ Embalagem | N20: =IF(B20="","",IF(K20=0,"Granel / Produto Técnico (Sem Embalagem Comercial)",IF(K20<=0.3001,"Faixa 1 TIPI: Até 300g/mL (3808.61.00 / 3105.10.00)",IF(K20<=7.5001,"Faixa 2 TIPI: De 300g a 7,5kg/L (3808.62.90 / 3105.10.00)",IF(K20<=10.0001,"Faixa 3 TIPI: De 7,5kg a 10kg/L (3808.69.90 / 3105.10.00)","Faixa 4 TIPI: Acima de 10kg/L (3808.69.90 / Cap. 31 Geral)"))))) -> Faixa 1 TIPI: Até 300g/mL (3808.61.00 / 3105.10.00) | O20: =IF(B20="","",IF(IF(ISNUMBER(MATCH(A20,'4. Base Mestre (845 Produtos)'!$A$4:$A$848,0)),MATCH(A20,'4. Base Mestre (845 Produtos)'!$A$4:$A$848,0),IF(ISNUMBER(MATCH(B20,'4. Base Mestre (845 Produtos)'!$B$4:$B$848,0)),MATCH(B20,'4. Base Mestre (845 Produtos)'!$B$4:$B$848,0),0))>0,INDEX('4. Base Mestre (845 Produtos)'!$H$4:$H$848,IF(ISNUMBER(MATCH(A20,'4. Base Mestre (845 Produtos)'!$A$4:$A$848,0)),MATCH(A20,'4. Base Mestre (845 Produtos)'!$A$4:$A$848,0),IF(ISNUMBER(MATCH(B20,'4. Base Mestre (845 Produtos)'!$B$4:$B$848,0)),MATCH(B20,'4. Base Mestre (845 Produtos)'!$B$4:$B$848,0),0))),IF(ISNUMBER(MATCH(D20,'3. Dicionario Principios Ativos'!$A$4:$A$245,0)),INDEX('3. Dicionario Principios Ativos'!$A$4:$A$245,MATCH(D20,'3. Dicionario Principios Ativos'!$A$4:$A$245,0)),D20))) -> ACETAMIPRIDO 250 + BIFENTRINA 250 | P20: =IF(B20="","",IF(D20=O20,"CONFORME — Princípio Ativo Validado","DIVERGENTE — Substituir por: "&O20)) -> CONFORME — Princípio Ativo Validado | Q20: =IF(B20="","",IF(IF(IF(ISNUMBER(MATCH(A20,'4. Base Mestre (845 Produtos)'!$A$4:$A$848,0)),MATCH(A20,'4. Base Mestre (845 Produtos)'!$A$4:$A$848,0),IF(ISNUMBER(MATCH(B20,'4. Base Mestre (845 Produtos)'!$B$4:$B$848,0)),MATCH(B20,'4. Base Mestre (845 Produtos)'!$B$4:$B$848,0),0))>0,INDEX('4. Base Mestre (845 Produtos)'!$J$4:$J$848,IF(ISNUMBER(MATCH(A20,'4. Base Mestre (845 Produtos)'!$A$4:$A$848,0)),MATCH(A20,'4. Base Mestre (845 Produtos)'!$A$4:$A$848,0),IF(ISNUMBER(MATCH(B20,'4. Base Mestre (845 Produtos)'!$B$4:$B$848,0)),MATCH(B20,'4. Base Mestre (845 Produtos)'!$B$4:$B$848,0),0)))="SIM",IF(ISNUMBER(MATCH(D20,'3. Dicionario Principios Ativos'!$A$4:$A$245,0)),INDEX('3. Dicionario Principios Ativos'!$C$4:$C$245,MATCH(D20,'3. Dicionario Principios Ativos'!$A$4:$A$245,0))="SIM",FALSE())),IF(AND(K20>0,K20<=0.3001),"3808.61.00",IF(AND(K20>0.3001,K20<=7.5001),"3808.62.90","3808.69.90")),IF(AND(LEFT(IF(IF(ISNUMBER(MATCH(A20,'4. Base Mestre (845 Produtos)'!$A$4:$A$848,0)),MATCH(A20,'4. Base Mestre (845 Produtos)'!$A$4:$A$848,0),IF(ISNUMBER(MATCH(B20,'4. Base Mestre (845 Produtos)'!$B$4:$B$848,0)),MATCH(B20,'4. Base Mestre (845 Produtos)'!$B$4:$B$848,0),0))>0,INDEX('4. Base Mestre (845 Produtos)'!$L$4:$L$848,IF(ISNUMBER(MATCH(A20,'4. Base Mestre (845 Produtos)'!$A$4:$A$848,0)),MATCH(A20,'4. Base Mestre (845 Produtos)'!$A$4:$A$848,0),IF(ISNUMBER(MATCH(B20,'4. Base Mestre (845 Produtos)'!$B$4:$B$848,0)),MATCH(B20,'4. Base Mestre (845 Produtos)'!$B$4:$B$848,0),0))),IF(ISNUMBER(MATCH(D20,'3. Dicionario Principios Ativos'!$A$4:$A$245,0)),INDEX('3. Dicionario Principios Ativos'!$D$4:$D$245,MATCH(D20,'3. Dicionario Principios Ativos'!$A$4:$A$245,0)),E20)),2)="31",E20="3105.10.00",K20>0,K20<=10.0001),"3105.10.00",IF(AND(IF(IF(ISNUMBER(MATCH(A20,'4. Base Mestre (845 Produtos)'!$A$4:$A$848,0)),MATCH(A20,'4. Base Mestre (845 Produtos)'!$A$4:$A$848,0),IF(ISNUMBER(MATCH(B20,'4. Base Mestre (845 Produtos)'!$B$4:$B$848,0)),MATCH(B20,'4. Base Mestre (845 Produtos)'!$B$4:$B$848,0),0))>0,INDEX('4. Base Mestre (845 Produtos)'!$L$4:$L$848,IF(ISNUMBER(MATCH(A20,'4. Base Mestre (845 Produtos)'!$A$4:$A$848,0)),MATCH(A20,'4. Base Mestre (845 Produtos)'!$A$4:$A$848,0),IF(ISNUMBER(MATCH(B20,'4. Base Mestre (845 Produtos)'!$B$4:$B$848,0)),MATCH(B20,'4. Base Mestre (845 Produtos)'!$B$4:$B$848,0),0))),IF(ISNUMBER(MATCH(D20,'3. Dicionario Principios Ativos'!$A$4:$A$245,0)),INDEX('3. Dicionario Principios Ativos'!$D$4:$D$245,MATCH(D20,'3. Dicionario Principios Ativos'!$A$4:$A$245,0)),E20))="3105.10.00",K20>10.0001),"3105.90.90",IF(IF(ISNUMBER(MATCH(A20,'4. Base Mestre (845 Produtos)'!$A$4:$A$848,0)),MATCH(A20,'4. Base Mestre (845 Produtos)'!$A$4:$A$848,0),IF(ISNUMBER(MATCH(B20,'4. Base Mestre (845 Produtos)'!$B$4:$B$848,0)),MATCH(B20,'4. Base Mestre (845 Produtos)'!$B$4:$B$848,0),0))>0,INDEX('4. Base Mestre (845 Produtos)'!$L$4:$L$848,IF(ISNUMBER(MATCH(A20,'4. Base Mestre (845 Produtos)'!$A$4:$A$848,0)),MATCH(A20,'4. Base Mestre (845 Produtos)'!$A$4:$A$848,0),IF(ISNUMBER(MATCH(B20,'4. Base Mestre (845 Produtos)'!$B$4:$B$848,0)),MATCH(B20,'4. Base Mestre (845 Produtos)'!$B$4:$B$848,0),0))),IF(ISNUMBER(MATCH(D20,'3. Dicionario Principios Ativos'!$A$4:$A$245,0)),INDEX('3. Dicionario Principios Ativos'!$D$4:$D$245,MATCH(D20,'3. Dicionario Principios Ativos'!$A$4:$A$245,0)),E20)))))) -> 3808.61.00 | R20: =IF(B20="","",IF(OR(E20=Q20,AND(Q20="3002.49.99",E20="3002.90.00")),"CONFORME — NCM "&E20&" Correta na TIPI","DIVERGENTE — Substituir "&E20&" por "&Q20)) -> DIVERGENTE — Substituir 3808.69.90 por 3808.61.00 | S20: =IF(B20="","",IF(AND(E20="3808.61.00",OR(K20>0.3001,K20=0)),"INCOMPATÍVEL — NCM 3808.61.00 exige emb. <= 0,3kg/L (Emb. atual: "&K20&" "&L20&" -> usar "&Q20&")",IF(AND(LEFT(E20,7)="3808.62",OR(K20<=0.3001,K20>7.5001)),"INCOMPATÍVEL — NCM 3808.62 exige emb. de 0,3 a 7,5kg/L (Emb. atual: "&K20&" "&L20&" -> usar "&Q20&")",IF(AND(LEFT(E20,7)="3808.69",K20>0,K20<=7.5001),"INCOMPATÍVEL — NCM 3808.69 exige emb. > 7,5kg/L (Emb. atual: "&K20&" "&L20&" -> usar "&Q20&")",IF(AND(LEFT(Q20,6)="3808.6",LEFT(E20,6)<>"3808.6"),"INCOMPATÍVEL — Molécula Nota Subpos. 2 c/ emb. "&K20&" "&L20&" exige NCM "&Q20,IF(AND(OR(E20="3808.91.19",E20="3808.92.19",E20="3808.93.19",E20="3808.99.19"),K20>=1),"INCOMPATÍVEL — Subitem .19 (Domissanitário) vedado p/ emb. agrícola de "&K20&" "&L20,IF(AND(E20="3105.10.00",K20>10.0001),"INCOMPATÍVEL — NCM 3105.10.00 exige peso bruto <= 10kg (Emb. atual: "&K20&" "&L20&" -> usar 3105.90.90)",IF(AND(LEFT(E20,2)="29",LEFT(Q20,4)="3808",K20>0),"INCOMPATÍVEL — Produto formulado em emb. comercial ("&K20&" "&L20&") vedado no Cap. 29 -> usar "&Q20,"CONFORME — Embalagem ("&K20&" "&L20&") compatível c/ a NCM")))))))) -> INCOMPATÍVEL — NCM 3808.69 exige emb. > 7,5kg/L (Emb. atual: 0.1 KG -> usar 3808.61.00) | T20: =IF(B20="","",IF(IF(ISNUMBER(MATCH(A20,'4. Base Mestre (845 Produtos)'!$A$4:$A$848,0)),MATCH(A20,'4. Base Mestre (845 Produtos)'!$A$4:$A$848,0),IF(ISNUMBER(MATCH(B20,'4. Base Mestre (845 Produtos)'!$B$4:$B$848,0)),MATCH(B20,'4. Base Mestre (845 Produtos)'!$B$4:$B$848,0),0))>0,INDEX('4. Base Mestre (845 Produtos)'!$P$4:$P$848,IF(ISNUMBER(MATCH(A20,'4. Base Mestre (845 Produtos)'!$A$4:$A$848,0)),MATCH(A20,'4. Base Mestre (845 Produtos)'!$A$4:$A$848,0),IF(ISNUMBER(MATCH(B20,'4. Base Mestre (845 Produtos)'!$B$4:$B$848,0)),MATCH(B20,'4. Base Mestre (845 Produtos)'!$B$4:$B$848,0),0))),IF(ISNUMBER(MATCH(D20,'3. Dicionario Principios Ativos'!$A$4:$A$245,0)),INDEX('3. Dicionario Principios Ativos'!$K$4:$K$245,MATCH(D20,'3. Dicionario Principios Ativos'!$A$4:$A$245,0)),"VERIFICAR BULA"))) -> 52425 | U20: =IF(B20="","",IF(ISNUMBER(SEARCH("ISENTO",T20)),IF(OR(F20=0,F20="0",F20="ISENTO",F20=""),"CONFORME (DISPENSADO) — Isento pelo Ato SDA/MAPA nº 104/2017","INCORRETO — Produto isento de registro MAPA (usar 0 ou ISENTO)"),IF(ISNUMBER(SEARCH("SIPEAGRO",T20)),IF(ISNUMBER(SEARCH("-",F20)),"CONFORME — Registro SIPEAGRO ("&F20&") Preenchido","ADEQUAR P/ SIPEAGRO — Substituir 0 pelo Registro (UF-XXXXX-XXXXX.X)"),IF(ISNUMBER(SEARCH("VINCULAR",T20)),IF(AND(F20<>0,F20<>"0",F20<>""),"INCORRETO / TROCADO — Código "&F20&" pertence a outro produto (Vincular bula da marca)","VINCULAR MARCA — Cadastro de P.A. s/ marca fixa (Vincular registro na NF-e)"),IF(OR(F20=0,F20="0",F20=""),"AUSENTE (ZERO) — Preencher Registro Oficial MAPA nº "&T20,IF(TEXT(F20,"0")=TEXT(T20,"0"),"CONFORME — Registro MAPA nº "&T20&" Validado na Bula","INCORRETO / TROCADO — Substituir "&F20&" pelo Registro Oficial nº "&T20)))))) -> CONFORME — Registro MAPA nº 52425 Validado na Bula | V20: =IF(B20="","",IF(IF(ISNUMBER(MATCH(A20,'4. Base Mestre (845 Produtos)'!$A$4:$A$848,0)),MATCH(A20,'4. Base Mestre (845 Produtos)'!$A$4:$A$848,0),IF(ISNUMBER(MATCH(B20,'4. Base Mestre (845 Produtos)'!$B$4:$B$848,0)),MATCH(B20,'4. Base Mestre (845 Produtos)'!$B$4:$B$848,0),0))>0,INDEX('4. Base Mestre (845 Produtos)'!$S$4:$S$848,IF(ISNUMBER(MATCH(A20,'4. Base Mestre (845 Produtos)'!$A$4:$A$848,0)),MATCH(A20,'4. Base Mestre (845 Produtos)'!$A$4:$A$848,0),IF(ISNUMBER(MATCH(B20,'4. Base Mestre (845 Produtos)'!$B$4:$B$848,0)),MATCH(B20,'4. Base Mestre (845 Produtos)'!$B$4:$B$848,0),0))),IF(ISNUMBER(MATCH(D20,'3. Dicionario Principios Ativos'!$A$4:$A$245,0)),INDEX('3. Dicionario Principios Ativos'!$L$4:$L$245,MATCH(D20,'3. Dicionario Principios Ativos'!$A$4:$A$245,0)),"Verificar NCM"))) -> Beneficiado (Lei 10.925/04): 0% até Mar/26 | 0,925% Real / 0,365% Pres. pós-Abr/26 (LC 224/25) | W20: =IF(B20="","",IF(IF(ISNUMBER(MATCH(A20,'4. Base Mestre (845 Produtos)'!$A$4:$A$848,0)),MATCH(A20,'4. Base Mestre (845 Produtos)'!$A$4:$A$848,0),IF(ISNUMBER(MATCH(B20,'4. Base Mestre (845 Produtos)'!$B$4:$B$848,0)),MATCH(B20,'4. Base Mestre (845 Produtos)'!$B$4:$B$848,0),0))>0,INDEX('4. Base Mestre (845 Produtos)'!$T$4:$T$848,IF(ISNUMBER(MATCH(A20,'4. Base Mestre (845 Produtos)'!$A$4:$A$848,0)),MATCH(A20,'4. Base Mestre (845 Produtos)'!$A$4:$A$848,0),IF(ISNUMBER(MATCH(B20,'4. Base Mestre (845 Produtos)'!$B$4:$B$848,0)),MATCH(B20,'4. Base Mestre (845 Produtos)'!$B$4:$B$848,0),0))),IF(ISNUMBER(MATCH(D20,'3. Dicionario Principios Ativos'!$A$4:$A$245,0)),INDEX('3. Dicionario Principios Ativos'!$M$4:$M$245,MATCH(D20,'3. Dicionario Principios Ativos'!$A$4:$A$245,0)),"Verificar CST"))) -> Saída: CST 06 (c/ Ajuste M220/M620 pós-Abr/26) | Entrada Revenda: CST 73 | X20: =IF(B20="","",IF(AND(LEFT(M20,8)="CONFORME",LEFT(P20,8)="CONFORME",LEFT(R20,8)="CONFORME",LEFT(S20,8)="CONFORME",LEFT(U20,8)="CONFORME"),"CADASTRO 100% CONFORME — LIBERADO P/ ERP",IF(AND(LEFT(M20,8)="CONFORME",LEFT(P20,8)="CONFORME",LEFT(R20,8)="CONFORME",LEFT(S20,8)="CONFORME",OR(LEFT(U20,7)="ADEQUAR",LEFT(U20,8)="VINCULAR")),"FISCAL E EMBALAGEM OK — ADEQUAR CAMPO MAPA (SIPEAGRO / MARCA)","BLOQUEADO — CORRIGIR DIVERGÊNCIAS APONTADAS ANTES DE LIBERAR NO ERP"))) -> BLOQUEADO — CORRIGIR DIVERGÊNCIAS APONTADAS ANTES DE LIBERAR NO ERP
